-- phpMyAdmin SQL Dump
-- version 3.3.7deb7
-- http://www.phpmyadmin.net
--
-- Serveur: localhost
-- Généré le : Sam 13 Octobre 2012 à 14:16
-- Version du serveur: 5.1.63
-- Version de PHP: 5.3.3-7+squeeze14

SET SQL_MODE="NO_AUTO_VALUE_ON_ZERO";


/*!40101 SET @OLD_CHARACTER_SET_CLIENT=@@CHARACTER_SET_CLIENT */;
/*!40101 SET @OLD_CHARACTER_SET_RESULTS=@@CHARACTER_SET_RESULTS */;
/*!40101 SET @OLD_COLLATION_CONNECTION=@@COLLATION_CONNECTION */;
/*!40101 SET NAMES utf8 */;

--
-- Base de données: `leimz`
--

-- --------------------------------------------------------

--
-- Structure de la table `Account`
--

CREATE TABLE IF NOT EXISTS `Account` (
  `id_account` int(10) unsigned NOT NULL AUTO_INCREMENT,
  `mot_de_passe` text NOT NULL,
  `id_currjoueur` int(11) DEFAULT NULL,
  `nom_de_compte` varchar(20) NOT NULL,
  PRIMARY KEY (`id_account`),
  UNIQUE KEY `nom_de_compte` (`nom_de_compte`),
  UNIQUE KEY `unique_currjoueur` (`id_currjoueur`),
  KEY `index_currjoueur` (`id_currjoueur`)
) ENGINE=InnoDB  DEFAULT CHARSET=latin1 AUTO_INCREMENT=3 ;

--
-- Contenu de la table `Account`
--

INSERT INTO `Account` (`id_account`, `mot_de_passe`, `id_currjoueur`, `nom_de_compte`) VALUES
(1, 'chelendil', NULL, 'chelendil'),
(2, 'greglebg', NULL, 'fazega');

-- --------------------------------------------------------

--
-- Structure de la table `caracteristiques`
--

CREATE TABLE IF NOT EXISTS `caracteristiques` (
  `id` int(11) NOT NULL AUTO_INCREMENT,
  `name` varchar(70) NOT NULL,
  PRIMARY KEY (`id`)
) ENGINE=InnoDB  DEFAULT CHARSET=latin1 AUTO_INCREMENT=8 ;

--
-- Contenu de la table `caracteristiques`
--

INSERT INTO `caracteristiques` (`id`, `name`) VALUES
(1, 'energie'),
(2, 'deplacement'),
(3, 'endurance'),
(4, 'precision'),
(5, 'dommages_cac'),
(6, 'dommages_magie'),
(7, 'vie');

-- --------------------------------------------------------

--
-- Structure de la table `caracteristiques_classe`
--

CREATE TABLE IF NOT EXISTS `caracteristiques_classe` (
  `id_classe` int(11) NOT NULL,
  `id_caracteristique` int(11) NOT NULL,
  `value` int(11) NOT NULL,
  PRIMARY KEY (`id_classe`,`id_caracteristique`),
  KEY `id_caracteristique` (`id_caracteristique`)
) ENGINE=InnoDB DEFAULT CHARSET=latin1;

--
-- Contenu de la table `caracteristiques_classe`
--

INSERT INTO `caracteristiques_classe` (`id_classe`, `id_caracteristique`, `value`) VALUES
(1, 1, 20),
(1, 2, 1000),
(1, 3, 2),
(1, 4, 2),
(1, 5, -20),
(1, 6, 10),
(1, 7, 15);

-- --------------------------------------------------------

--
-- Structure de la table `caracteristiques_joueur`
--

CREATE TABLE IF NOT EXISTS `caracteristiques_joueur` (
  `nom_joueur` varchar(30) NOT NULL,
  `id_caracteristique` int(11) NOT NULL,
  `value` int(11) NOT NULL,
  `current_value` int(11) DEFAULT NULL,
  PRIMARY KEY (`nom_joueur`,`id_caracteristique`),
  KEY `id_caracteristique` (`id_caracteristique`)
) ENGINE=InnoDB DEFAULT CHARSET=latin1;

--
-- Contenu de la table `caracteristiques_joueur`
--

INSERT INTO `caracteristiques_joueur` (`nom_joueur`, `id_caracteristique`, `value`, `current_value`) VALUES
('1', 1, 150, 0),
('1', 2, 8000, 0),
('1', 3, 10, 0),
('1', 4, 6, 0),
('1', 5, 60, 0),
('1', 6, 10, 0),
('1', 7, 20, 0),
('2', 1, 150, 0),
('2', 2, 8000, 0),
('2', 3, 10, 0),
('2', 4, 6, 0),
('2', 5, 60, 0),
('2', 6, 10, 0),
('2', 7, 20, 0);

-- --------------------------------------------------------

--
-- Structure de la table `caracteristiques_objet`
--

CREATE TABLE IF NOT EXISTS `caracteristiques_objet` (
  `id_objet` int(11) NOT NULL,
  `id_caracteristique` int(11) NOT NULL,
  `value` int(11) NOT NULL,
  PRIMARY KEY (`id_objet`,`id_caracteristique`),
  KEY `id_caracteristique` (`id_caracteristique`)
) ENGINE=InnoDB DEFAULT CHARSET=latin1;

--
-- Contenu de la table `caracteristiques_objet`
--

INSERT INTO `caracteristiques_objet` (`id_objet`, `id_caracteristique`, `value`) VALUES
(1, 5, 2),
(2, 7, 50);

-- --------------------------------------------------------

--
-- Structure de la table `caracteristiques_race`
--

CREATE TABLE IF NOT EXISTS `caracteristiques_race` (
  `id_race` int(11) NOT NULL,
  `id_caracteristique` int(11) NOT NULL,
  `value` int(11) NOT NULL,
  PRIMARY KEY (`id_race`,`id_caracteristique`),
  KEY `id_caracteristique` (`id_caracteristique`)
) ENGINE=InnoDB DEFAULT CHARSET=latin1;

--
-- Contenu de la table `caracteristiques_race`
--

INSERT INTO `caracteristiques_race` (`id_race`, `id_caracteristique`, `value`) VALUES
(1, 1, 150),
(1, 2, 8000),
(1, 3, 10),
(1, 4, 6),
(1, 5, 60),
(1, 6, 10),
(1, 7, 20);

-- --------------------------------------------------------

--
-- Structure de la table `classe`
--

CREATE TABLE IF NOT EXISTS `classe` (
  `id` int(11) NOT NULL AUTO_INCREMENT,
  `name` varchar(30) NOT NULL,
  PRIMARY KEY (`id`)
) ENGINE=InnoDB  DEFAULT CHARSET=latin1 AUTO_INCREMENT=2 ;

--
-- Contenu de la table `classe`
--

INSERT INTO `classe` (`id`, `name`) VALUES
(1, 'barbare');

-- --------------------------------------------------------

--
-- Structure de la table `classe_sort`
--

CREATE TABLE IF NOT EXISTS `classe_sort` (
  `id_classe` int(11) NOT NULL,
  `id_sort` int(11) NOT NULL,
  PRIMARY KEY (`id_classe`,`id_sort`),
  KEY `id_sort` (`id_sort`)
) ENGINE=InnoDB DEFAULT CHARSET=latin1;

--
-- Contenu de la table `classe_sort`
--

INSERT INTO `classe_sort` (`id_classe`, `id_sort`) VALUES
(1, 1);

-- --------------------------------------------------------

--
-- Structure de la table `inventaire`
--

CREATE TABLE IF NOT EXISTS `inventaire` (
  `nom_joueur` varchar(30) DEFAULT NULL,
  `id_objet` int(11) DEFAULT NULL,
  `quantity` int(11) NOT NULL,
  KEY `id_joueur` (`nom_joueur`),
  KEY `id_objet` (`id_objet`)
) ENGINE=InnoDB DEFAULT CHARSET=latin1;

--
-- Contenu de la table `inventaire`
--

INSERT INTO `inventaire` (`nom_joueur`, `id_objet`, `quantity`) VALUES
('2', 1, 1),
('1', 1, 1);

-- --------------------------------------------------------

--
-- Structure de la table `item`
--

CREATE TABLE IF NOT EXISTS `item` (
  `id` int(11) NOT NULL AUTO_INCREMENT,
  `nom` varchar(200) DEFAULT NULL,
  `description` text,
  `type` int(11) NOT NULL,
  `icone` varchar(100) DEFAULT NULL,
  `apercu` varchar(100) DEFAULT NULL,
  PRIMARY KEY (`id`),
  KEY `type` (`type`)
) ENGINE=InnoDB  DEFAULT CHARSET=latin1 AUTO_INCREMENT=5 ;

--
-- Contenu de la table `item`
--

INSERT INTO `item` (`id`, `nom`, `description`, `type`, `icone`, `apercu`) VALUES
(1, 'Anneau Dfer', 'Un anneau simple mais elegant, qui vous permettra de porter des coups sanglants !', 1, 'data/Images/Objets/anneau_dfer.png', 'data/Images/Objets/anneau_dfer.png'),
(2, 'Anneau Maly', 'Cet anneau fut forgé il y a très longtemps dans les montagnes cléodors. On remarque une fissure sur son côté, encore mystérieuse .....', 1, 'data/Images/Objets/anneau_maly.png', 'data/Images/Objets/anneau_maly.png'),
(3, 'Cape Ripu', 'Cette cape est pourrie, ne donne (presque) rien. Elle sert juste à faire joli :p', 2, 'data/GUI/Images/ailles.png', 'data/GUI/Images/ailles.png'),
(4, 'Chapeau D''Vache', 'Ce chapeau, d''une grande valeur, n''est pas très utile. Il sert surtout à se rendre plus beau.', 3, 'data/GUI/Images/ailles.png', 'data/GUI/Images/ailles.png');

-- --------------------------------------------------------

--
-- Structure de la table `item_type`
--

CREATE TABLE IF NOT EXISTS `item_type` (
  `id` int(11) NOT NULL AUTO_INCREMENT,
  `type` varchar(30) NOT NULL,
  PRIMARY KEY (`id`)
) ENGINE=InnoDB  DEFAULT CHARSET=latin1 AUTO_INCREMENT=4 ;

--
-- Contenu de la table `item_type`
--

INSERT INTO `item_type` (`id`, `type`) VALUES
(1, 'anneau'),
(2, 'cape'),
(3, 'chapeau');

-- --------------------------------------------------------

--
-- Structure de la table `map`
--

CREATE TABLE IF NOT EXISTS `map` (
  `x` int(11) NOT NULL,
  `y` int(11) NOT NULL,
  `type` int(11) NOT NULL,
  `monsterHolder` tinyint(1) NOT NULL,
  PRIMARY KEY (`x`,`y`),
  KEY `type` (`type`)
) ENGINE=InnoDB DEFAULT CHARSET=latin1;

--
-- Contenu de la table `map`
--

INSERT INTO `map` (`x`, `y`, `type`, `monsterHolder`) VALUES
(0, 0, 2, 0),
(0, 1, 2, 0),
(0, 2, 2, 0),
(0, 3, 2, 0),
(0, 4, 2, 0),
(0, 5, 2, 0),
(0, 6, 2, 0),
(0, 7, 2, 0),
(0, 8, 2, 0),
(0, 9, 2, 0),
(0, 10, 2, 0),
(0, 11, 2, 0),
(0, 12, 2, 0),
(0, 13, 2, 0),
(0, 14, 2, 0),
(0, 15, 2, 0),
(0, 16, 2, 0),
(0, 17, 2, 0),
(0, 18, 2, 0),
(0, 19, 2, 0),
(0, 20, 2, 0),
(0, 21, 2, 0),
(0, 22, 2, 0),
(0, 23, 2, 0),
(0, 24, 2, 0),
(0, 25, 2, 0),
(0, 26, 2, 0),
(0, 27, 2, 0),
(0, 28, 2, 0),
(0, 29, 2, 0),
(0, 30, 2, 0),
(0, 31, 2, 0),
(0, 32, 2, 0),
(0, 33, 2, 0),
(0, 34, 2, 0),
(0, 35, 2, 0),
(0, 36, 2, 0),
(0, 37, 2, 0),
(0, 38, 2, 0),
(0, 39, 2, 0),
(0, 40, 2, 0),
(0, 41, 2, 0),
(0, 42, 2, 0),
(0, 43, 2, 0),
(0, 44, 2, 0),
(0, 45, 2, 0),
(0, 46, 2, 0),
(0, 47, 2, 0),
(0, 48, 2, 0),
(0, 49, 2, 0),
(1, 0, 2, 0),
(1, 1, 2, 0),
(1, 2, 2, 0),
(1, 3, 2, 0),
(1, 4, 2, 0),
(1, 5, 2, 0),
(1, 6, 2, 0),
(1, 7, 2, 0),
(1, 8, 2, 0),
(1, 9, 2, 0),
(1, 10, 2, 0),
(1, 11, 2, 0),
(1, 12, 2, 0),
(1, 13, 2, 0),
(1, 14, 2, 0),
(1, 15, 2, 0),
(1, 16, 2, 0),
(1, 17, 2, 0),
(1, 18, 2, 0),
(1, 19, 2, 0),
(1, 20, 2, 0),
(1, 21, 2, 0),
(1, 22, 2, 0),
(1, 23, 2, 0),
(1, 24, 2, 0),
(1, 25, 2, 0),
(1, 26, 2, 0),
(1, 27, 2, 0),
(1, 28, 2, 0),
(1, 29, 2, 0),
(1, 30, 2, 0),
(1, 31, 2, 0),
(1, 32, 2, 0),
(1, 33, 2, 0),
(1, 34, 2, 0),
(1, 35, 2, 0),
(1, 36, 2, 0),
(1, 37, 2, 0),
(1, 38, 2, 0),
(1, 39, 2, 0),
(1, 40, 2, 0),
(1, 41, 2, 0),
(1, 42, 2, 0),
(1, 43, 2, 0),
(1, 44, 2, 0),
(1, 45, 2, 0),
(1, 46, 2, 0),
(1, 47, 2, 0),
(1, 48, 2, 0),
(1, 49, 2, 0),
(2, 0, 2, 0),
(2, 1, 2, 0),
(2, 2, 2, 0),
(2, 3, 2, 0),
(2, 4, 2, 0),
(2, 5, 2, 0),
(2, 6, 2, 0),
(2, 7, 2, 0),
(2, 8, 2, 0),
(2, 9, 2, 0),
(2, 10, 2, 0),
(2, 11, 2, 0),
(2, 12, 2, 0),
(2, 13, 2, 0),
(2, 14, 2, 0),
(2, 15, 2, 0),
(2, 16, 2, 0),
(2, 17, 2, 0),
(2, 18, 2, 0),
(2, 19, 2, 0),
(2, 20, 2, 0),
(2, 21, 2, 0),
(2, 22, 2, 0),
(2, 23, 2, 0),
(2, 24, 2, 0),
(2, 25, 2, 0),
(2, 26, 2, 0),
(2, 27, 2, 0),
(2, 28, 2, 0),
(2, 29, 2, 0),
(2, 30, 2, 0),
(2, 31, 2, 0),
(2, 32, 2, 0),
(2, 33, 2, 0),
(2, 34, 2, 0),
(2, 35, 2, 0),
(2, 36, 2, 0),
(2, 37, 2, 0),
(2, 38, 2, 0),
(2, 39, 2, 0),
(2, 40, 2, 0),
(2, 41, 2, 0),
(2, 42, 2, 0),
(2, 43, 2, 0),
(2, 44, 2, 0),
(2, 45, 2, 0),
(2, 46, 2, 0),
(2, 47, 2, 0),
(2, 48, 2, 0),
(2, 49, 2, 0),
(3, 0, 2, 0),
(3, 1, 2, 0),
(3, 2, 2, 0),
(3, 3, 2, 0),
(3, 4, 2, 0),
(3, 5, 2, 0),
(3, 6, 2, 0),
(3, 7, 2, 0),
(3, 8, 2, 0),
(3, 9, 2, 0),
(3, 10, 2, 0),
(3, 11, 2, 0),
(3, 12, 2, 0),
(3, 13, 2, 0),
(3, 14, 2, 0),
(3, 15, 2, 0),
(3, 16, 2, 0),
(3, 17, 2, 0),
(3, 18, 2, 0),
(3, 19, 2, 0),
(3, 20, 2, 0),
(3, 21, 2, 0),
(3, 22, 2, 0),
(3, 23, 2, 0),
(3, 24, 2, 0),
(3, 25, 2, 0),
(3, 26, 2, 0),
(3, 27, 2, 0),
(3, 28, 2, 0),
(3, 29, 2, 0),
(3, 30, 2, 0),
(3, 31, 2, 0),
(3, 32, 2, 0),
(3, 33, 2, 0),
(3, 34, 2, 0),
(3, 35, 2, 0),
(3, 36, 2, 0),
(3, 37, 2, 0),
(3, 38, 2, 0),
(3, 39, 2, 0),
(3, 40, 2, 0),
(3, 41, 2, 0),
(3, 42, 2, 0),
(3, 43, 2, 0),
(3, 44, 2, 0),
(3, 45, 2, 0),
(3, 46, 2, 0),
(3, 47, 2, 0),
(3, 48, 2, 0),
(3, 49, 2, 0),
(4, 0, 2, 0),
(4, 1, 2, 0),
(4, 2, 2, 0),
(4, 3, 2, 1),
(4, 4, 2, 0),
(4, 5, 2, 0),
(4, 6, 2, 0),
(4, 7, 2, 0),
(4, 8, 2, 0),
(4, 9, 2, 0),
(4, 10, 2, 0),
(4, 11, 2, 0),
(4, 12, 2, 0),
(4, 13, 2, 0),
(4, 14, 2, 0),
(4, 15, 2, 0),
(4, 16, 2, 0),
(4, 17, 2, 0),
(4, 18, 2, 0),
(4, 19, 2, 0),
(4, 20, 2, 0),
(4, 21, 2, 0),
(4, 22, 2, 0),
(4, 23, 2, 0),
(4, 24, 2, 0),
(4, 25, 2, 0),
(4, 26, 2, 0),
(4, 27, 2, 0),
(4, 28, 2, 0),
(4, 29, 2, 0),
(4, 30, 2, 0),
(4, 31, 2, 0),
(4, 32, 2, 0),
(4, 33, 2, 0),
(4, 34, 2, 0),
(4, 35, 2, 0),
(4, 36, 2, 0),
(4, 37, 2, 0),
(4, 38, 2, 0),
(4, 39, 2, 0),
(4, 40, 2, 0),
(4, 41, 2, 0),
(4, 42, 2, 0),
(4, 43, 2, 0),
(4, 44, 2, 0),
(4, 45, 2, 0),
(4, 46, 2, 0),
(4, 47, 2, 0),
(4, 48, 2, 0),
(4, 49, 2, 0),
(5, 0, 2, 0),
(5, 1, 2, 0),
(5, 2, 2, 0),
(5, 3, 2, 0),
(5, 4, 2, 0),
(5, 5, 2, 0),
(5, 6, 2, 0),
(5, 7, 2, 0),
(5, 8, 2, 0),
(5, 9, 2, 0),
(5, 10, 2, 0),
(5, 11, 2, 0),
(5, 12, 2, 0),
(5, 13, 2, 0),
(5, 14, 2, 0),
(5, 15, 2, 0),
(5, 16, 2, 0),
(5, 17, 2, 0),
(5, 18, 2, 0),
(5, 19, 2, 0),
(5, 20, 2, 0),
(5, 21, 2, 0),
(5, 22, 2, 0),
(5, 23, 2, 0),
(5, 24, 2, 0),
(5, 25, 2, 0),
(5, 26, 2, 0),
(5, 27, 2, 0),
(5, 28, 2, 0),
(5, 29, 2, 0),
(5, 30, 2, 0),
(5, 31, 2, 0),
(5, 32, 2, 0),
(5, 33, 2, 0),
(5, 34, 2, 0),
(5, 35, 2, 0),
(5, 36, 2, 0),
(5, 37, 2, 0),
(5, 38, 2, 0),
(5, 39, 2, 0),
(5, 40, 2, 0),
(5, 41, 2, 0),
(5, 42, 2, 0),
(5, 43, 2, 0),
(5, 44, 2, 0),
(5, 45, 2, 0),
(5, 46, 2, 0),
(5, 47, 2, 0),
(5, 48, 2, 0),
(5, 49, 2, 0),
(6, 0, 2, 0),
(6, 1, 2, 0),
(6, 2, 2, 0),
(6, 3, 2, 0),
(6, 4, 2, 0),
(6, 5, 2, 0),
(6, 6, 2, 0),
(6, 7, 2, 0),
(6, 8, 2, 0),
(6, 9, 2, 0),
(6, 10, 2, 0),
(6, 11, 2, 0),
(6, 12, 2, 0),
(6, 13, 2, 0),
(6, 14, 2, 0),
(6, 15, 2, 0),
(6, 16, 2, 0),
(6, 17, 2, 0),
(6, 18, 2, 0),
(6, 19, 2, 0),
(6, 20, 2, 0),
(6, 21, 2, 0),
(6, 22, 2, 0),
(6, 23, 2, 0),
(6, 24, 2, 0),
(6, 25, 2, 0),
(6, 26, 2, 0),
(6, 27, 2, 0),
(6, 28, 2, 0),
(6, 29, 2, 0),
(6, 30, 2, 0),
(6, 31, 2, 0),
(6, 32, 2, 0),
(6, 33, 2, 0),
(6, 34, 2, 0),
(6, 35, 2, 0),
(6, 36, 2, 0),
(6, 37, 2, 0),
(6, 38, 2, 0),
(6, 39, 2, 0),
(6, 40, 2, 0),
(6, 41, 2, 0),
(6, 42, 2, 0),
(6, 43, 2, 0),
(6, 44, 2, 0),
(6, 45, 2, 0),
(6, 46, 2, 0),
(6, 47, 2, 0),
(6, 48, 2, 0),
(6, 49, 2, 0),
(7, 0, 2, 0),
(7, 1, 2, 0),
(7, 2, 2, 0),
(7, 3, 2, 0),
(7, 4, 2, 0),
(7, 5, 2, 0),
(7, 6, 2, 0),
(7, 7, 2, 0),
(7, 8, 2, 0),
(7, 9, 2, 0),
(7, 10, 2, 0),
(7, 11, 2, 0),
(7, 12, 2, 0),
(7, 13, 2, 0),
(7, 14, 2, 0),
(7, 15, 2, 0),
(7, 16, 2, 0),
(7, 17, 2, 0),
(7, 18, 2, 0),
(7, 19, 2, 0),
(7, 20, 2, 0),
(7, 21, 2, 0),
(7, 22, 2, 0),
(7, 23, 2, 0),
(7, 24, 2, 0),
(7, 25, 2, 0),
(7, 26, 2, 0),
(7, 27, 2, 0),
(7, 28, 2, 0),
(7, 29, 2, 0),
(7, 30, 2, 0),
(7, 31, 2, 0),
(7, 32, 2, 0),
(7, 33, 2, 0),
(7, 34, 2, 0),
(7, 35, 2, 0),
(7, 36, 2, 0),
(7, 37, 2, 0),
(7, 38, 2, 0),
(7, 39, 2, 0),
(7, 40, 2, 0),
(7, 41, 2, 0),
(7, 42, 2, 0),
(7, 43, 2, 0),
(7, 44, 2, 0),
(7, 45, 2, 0),
(7, 46, 2, 0),
(7, 47, 2, 0),
(7, 48, 2, 0),
(7, 49, 2, 0),
(8, 0, 2, 0),
(8, 1, 2, 0),
(8, 2, 2, 0),
(8, 3, 2, 0),
(8, 4, 2, 0),
(8, 5, 2, 0),
(8, 6, 2, 0),
(8, 7, 7, 0),
(8, 8, 7, 0),
(8, 9, 2, 0),
(8, 10, 2, 0),
(8, 11, 2, 0),
(8, 12, 2, 0),
(8, 13, 2, 0),
(8, 14, 2, 0),
(8, 15, 2, 0),
(8, 16, 2, 0),
(8, 17, 2, 0),
(8, 18, 2, 0),
(8, 19, 2, 0),
(8, 20, 2, 0),
(8, 21, 2, 0),
(8, 22, 2, 0),
(8, 23, 2, 0),
(8, 24, 2, 0),
(8, 25, 2, 0),
(8, 26, 2, 0),
(8, 27, 2, 0),
(8, 28, 2, 0),
(8, 29, 2, 0),
(8, 30, 2, 0),
(8, 31, 2, 0),
(8, 32, 2, 0),
(8, 33, 2, 0),
(8, 34, 2, 0),
(8, 35, 2, 0),
(8, 36, 2, 0),
(8, 37, 2, 0),
(8, 38, 2, 0),
(8, 39, 2, 0),
(8, 40, 2, 0),
(8, 41, 2, 0),
(8, 42, 2, 0),
(8, 43, 2, 0),
(8, 44, 2, 0),
(8, 45, 2, 0),
(8, 46, 2, 0),
(8, 47, 2, 0),
(8, 48, 2, 0),
(8, 49, 2, 0),
(9, 0, 2, 0),
(9, 1, 2, 0),
(9, 2, 2, 0),
(9, 3, 2, 0),
(9, 4, 2, 0),
(9, 5, 2, 0),
(9, 6, 7, 0),
(9, 7, 2, 0),
(9, 8, 7, 0),
(9, 9, 2, 1),
(9, 10, 2, 0),
(9, 11, 2, 0),
(9, 12, 2, 0),
(9, 13, 2, 0),
(9, 14, 2, 0),
(9, 15, 2, 1),
(9, 16, 2, 0),
(9, 17, 2, 0),
(9, 18, 2, 0),
(9, 19, 2, 0),
(9, 20, 2, 0),
(9, 21, 2, 0),
(9, 22, 2, 0),
(9, 23, 2, 0),
(9, 24, 2, 0),
(9, 25, 2, 0),
(9, 26, 2, 0),
(9, 27, 2, 0),
(9, 28, 2, 0),
(9, 29, 2, 0),
(9, 30, 2, 0),
(9, 31, 2, 0),
(9, 32, 2, 0),
(9, 33, 2, 0),
(9, 34, 2, 0),
(9, 35, 2, 0),
(9, 36, 2, 0),
(9, 37, 2, 0),
(9, 38, 2, 0),
(9, 39, 2, 0),
(9, 40, 2, 0),
(9, 41, 2, 0),
(9, 42, 2, 0),
(9, 43, 2, 0),
(9, 44, 2, 0),
(9, 45, 2, 0),
(9, 46, 2, 0),
(9, 47, 2, 0),
(9, 48, 2, 0),
(9, 49, 2, 0),
(10, 0, 2, 0),
(10, 1, 2, 0),
(10, 2, 2, 0),
(10, 3, 2, 0),
(10, 4, 2, 0),
(10, 5, 2, 0),
(10, 6, 2, 0),
(10, 7, 7, 0),
(10, 8, 7, 0),
(10, 9, 2, 0),
(10, 10, 2, 0),
(10, 11, 2, 0),
(10, 12, 2, 0),
(10, 13, 2, 0),
(10, 14, 2, 0),
(10, 15, 2, 0),
(10, 16, 2, 0),
(10, 17, 2, 0),
(10, 18, 2, 0),
(10, 19, 2, 0),
(10, 20, 2, 0),
(10, 21, 2, 0),
(10, 22, 2, 0),
(10, 23, 2, 0),
(10, 24, 2, 0),
(10, 25, 2, 0),
(10, 26, 2, 0),
(10, 27, 2, 0),
(10, 28, 2, 0),
(10, 29, 2, 0),
(10, 30, 2, 0),
(10, 31, 2, 0),
(10, 32, 2, 0),
(10, 33, 2, 0),
(10, 34, 2, 0),
(10, 35, 2, 0),
(10, 36, 2, 0),
(10, 37, 2, 0),
(10, 38, 2, 0),
(10, 39, 2, 0),
(10, 40, 2, 0),
(10, 41, 2, 0),
(10, 42, 2, 0),
(10, 43, 2, 0),
(10, 44, 2, 0),
(10, 45, 2, 0),
(10, 46, 2, 0),
(10, 47, 2, 0),
(10, 48, 2, 0),
(10, 49, 2, 0),
(11, 0, 2, 0),
(11, 1, 2, 0),
(11, 2, 2, 0),
(11, 3, 2, 0),
(11, 4, 2, 0),
(11, 5, 2, 0),
(11, 6, 7, 0),
(11, 7, 7, 0),
(11, 8, 7, 0),
(11, 9, 2, 0),
(11, 10, 2, 0),
(11, 11, 2, 0),
(11, 12, 2, 0),
(11, 13, 2, 0),
(11, 14, 2, 0),
(11, 15, 2, 0),
(11, 16, 2, 0),
(11, 17, 2, 0),
(11, 18, 2, 0),
(11, 19, 2, 0),
(11, 20, 2, 0),
(11, 21, 2, 0),
(11, 22, 2, 0),
(11, 23, 2, 0),
(11, 24, 2, 0),
(11, 25, 2, 0),
(11, 26, 2, 0),
(11, 27, 2, 0),
(11, 28, 2, 0),
(11, 29, 2, 0),
(11, 30, 2, 0),
(11, 31, 2, 0),
(11, 32, 2, 0),
(11, 33, 2, 0),
(11, 34, 2, 0),
(11, 35, 2, 0),
(11, 36, 2, 0),
(11, 37, 2, 0),
(11, 38, 2, 0),
(11, 39, 2, 0),
(11, 40, 2, 0),
(11, 41, 2, 0),
(11, 42, 2, 0),
(11, 43, 2, 0),
(11, 44, 2, 0),
(11, 45, 2, 0),
(11, 46, 2, 0),
(11, 47, 2, 0),
(11, 48, 2, 0),
(11, 49, 2, 0),
(12, 0, 2, 0),
(12, 1, 2, 0),
(12, 2, 2, 0),
(12, 3, 2, 0),
(12, 4, 2, 0),
(12, 5, 2, 0),
(12, 6, 2, 0),
(12, 7, 2, 0),
(12, 8, 2, 0),
(12, 9, 2, 0),
(12, 10, 2, 0),
(12, 11, 2, 0),
(12, 12, 2, 0),
(12, 13, 2, 0),
(12, 14, 2, 0),
(12, 15, 2, 0),
(12, 16, 2, 0),
(12, 17, 2, 0),
(12, 18, 2, 0),
(12, 19, 2, 0),
(12, 20, 2, 0),
(12, 21, 2, 0),
(12, 22, 2, 0),
(12, 23, 2, 0),
(12, 24, 2, 0),
(12, 25, 2, 0),
(12, 26, 2, 0),
(12, 27, 2, 0),
(12, 28, 2, 0),
(12, 29, 2, 0),
(12, 30, 2, 0),
(12, 31, 2, 0),
(12, 32, 2, 0),
(12, 33, 2, 0),
(12, 34, 2, 0),
(12, 35, 2, 0),
(12, 36, 2, 0),
(12, 37, 2, 0),
(12, 38, 2, 0),
(12, 39, 2, 0),
(12, 40, 2, 0),
(12, 41, 2, 0),
(12, 42, 2, 0),
(12, 43, 2, 0),
(12, 44, 2, 0),
(12, 45, 2, 0),
(12, 46, 2, 0),
(12, 47, 2, 0),
(12, 48, 2, 0),
(12, 49, 2, 0),
(13, 0, 2, 0),
(13, 1, 2, 0),
(13, 2, 2, 0),
(13, 3, 2, 0),
(13, 4, 2, 0),
(13, 5, 2, 0),
(13, 6, 2, 0),
(13, 7, 2, 0),
(13, 8, 2, 0),
(13, 9, 2, 0),
(13, 10, 2, 0),
(13, 11, 2, 0),
(13, 12, 2, 0),
(13, 13, 2, 0),
(13, 14, 2, 0),
(13, 15, 2, 0),
(13, 16, 2, 0),
(13, 17, 2, 0),
(13, 18, 2, 0),
(13, 19, 2, 0),
(13, 20, 2, 0),
(13, 21, 2, 0),
(13, 22, 2, 0),
(13, 23, 2, 0),
(13, 24, 2, 0),
(13, 25, 2, 0),
(13, 26, 2, 0),
(13, 27, 2, 0),
(13, 28, 2, 0),
(13, 29, 2, 0),
(13, 30, 2, 0),
(13, 31, 2, 0),
(13, 32, 2, 0),
(13, 33, 2, 0),
(13, 34, 2, 0),
(13, 35, 2, 0),
(13, 36, 2, 0),
(13, 37, 2, 0),
(13, 38, 2, 0),
(13, 39, 2, 0),
(13, 40, 2, 0),
(13, 41, 2, 0),
(13, 42, 2, 0),
(13, 43, 2, 0),
(13, 44, 2, 0),
(13, 45, 2, 0),
(13, 46, 2, 0),
(13, 47, 2, 0),
(13, 48, 2, 0),
(13, 49, 2, 0),
(14, 0, 2, 0),
(14, 1, 2, 0),
(14, 2, 2, 0),
(14, 3, 2, 0),
(14, 4, 2, 0),
(14, 5, 2, 0),
(14, 6, 2, 0),
(14, 7, 2, 0),
(14, 8, 2, 0),
(14, 9, 2, 0),
(14, 10, 2, 0),
(14, 11, 2, 0),
(14, 12, 2, 0),
(14, 13, 2, 0),
(14, 14, 2, 0),
(14, 15, 2, 0),
(14, 16, 2, 0),
(14, 17, 2, 0),
(14, 18, 2, 0),
(14, 19, 2, 0),
(14, 20, 2, 0),
(14, 21, 2, 0),
(14, 22, 2, 0),
(14, 23, 2, 0),
(14, 24, 2, 0),
(14, 25, 2, 0),
(14, 26, 2, 0),
(14, 27, 2, 0),
(14, 28, 2, 0),
(14, 29, 2, 0),
(14, 30, 2, 0),
(14, 31, 2, 0),
(14, 32, 2, 0),
(14, 33, 2, 0),
(14, 34, 2, 0),
(14, 35, 2, 0),
(14, 36, 2, 0),
(14, 37, 2, 0),
(14, 38, 2, 0),
(14, 39, 2, 0),
(14, 40, 2, 0),
(14, 41, 2, 0),
(14, 42, 2, 0),
(14, 43, 2, 0),
(14, 44, 2, 0),
(14, 45, 2, 0),
(14, 46, 2, 0),
(14, 47, 2, 0),
(14, 48, 2, 0),
(14, 49, 2, 0),
(15, 0, 2, 0),
(15, 1, 2, 0),
(15, 2, 2, 0),
(15, 3, 2, 0),
(15, 4, 2, 0),
(15, 5, 2, 0),
(15, 6, 2, 0),
(15, 7, 2, 0),
(15, 8, 2, 0),
(15, 9, 2, 0),
(15, 10, 2, 0),
(15, 11, 2, 0),
(15, 12, 2, 0),
(15, 13, 2, 0),
(15, 14, 2, 0),
(15, 15, 2, 0),
(15, 16, 2, 0),
(15, 17, 2, 0),
(15, 18, 2, 0),
(15, 19, 2, 0),
(15, 20, 2, 0),
(15, 21, 2, 0),
(15, 22, 2, 0),
(15, 23, 2, 0),
(15, 24, 2, 0),
(15, 25, 2, 0),
(15, 26, 2, 0),
(15, 27, 2, 0),
(15, 28, 2, 0),
(15, 29, 2, 0),
(15, 30, 2, 0),
(15, 31, 2, 0),
(15, 32, 2, 0),
(15, 33, 2, 0),
(15, 34, 2, 0),
(15, 35, 2, 0),
(15, 36, 2, 0),
(15, 37, 2, 0),
(15, 38, 2, 0),
(15, 39, 2, 0),
(15, 40, 2, 0),
(15, 41, 2, 0),
(15, 42, 2, 0),
(15, 43, 2, 0),
(15, 44, 2, 0),
(15, 45, 2, 0),
(15, 46, 2, 0),
(15, 47, 2, 0),
(15, 48, 2, 0),
(15, 49, 2, 0),
(16, 0, 2, 0),
(16, 1, 2, 0),
(16, 2, 2, 0),
(16, 3, 2, 0),
(16, 4, 2, 0),
(16, 5, 2, 0),
(16, 6, 2, 0),
(16, 7, 2, 0),
(16, 8, 2, 0),
(16, 9, 2, 0),
(16, 10, 2, 0),
(16, 11, 2, 0),
(16, 12, 2, 0),
(16, 13, 2, 0),
(16, 14, 2, 0),
(16, 15, 2, 0),
(16, 16, 2, 0),
(16, 17, 2, 0),
(16, 18, 2, 0),
(16, 19, 2, 0),
(16, 20, 2, 0),
(16, 21, 2, 0),
(16, 22, 2, 0),
(16, 23, 2, 0),
(16, 24, 2, 0),
(16, 25, 2, 0),
(16, 26, 2, 0),
(16, 27, 2, 0),
(16, 28, 2, 0),
(16, 29, 2, 0),
(16, 30, 2, 0),
(16, 31, 2, 0),
(16, 32, 2, 0),
(16, 33, 2, 0),
(16, 34, 2, 0),
(16, 35, 2, 0),
(16, 36, 2, 0),
(16, 37, 2, 0),
(16, 38, 2, 0),
(16, 39, 2, 0),
(16, 40, 2, 0),
(16, 41, 2, 0),
(16, 42, 2, 0),
(16, 43, 2, 0),
(16, 44, 2, 0),
(16, 45, 2, 0),
(16, 46, 2, 0),
(16, 47, 2, 0),
(16, 48, 2, 0),
(16, 49, 2, 0),
(17, 0, 2, 0),
(17, 1, 2, 0),
(17, 2, 2, 0),
(17, 3, 2, 0),
(17, 4, 2, 0),
(17, 5, 2, 0),
(17, 6, 2, 0),
(17, 7, 2, 0),
(17, 8, 2, 0),
(17, 9, 2, 0),
(17, 10, 2, 0),
(17, 11, 2, 0),
(17, 12, 2, 0),
(17, 13, 2, 0),
(17, 14, 2, 0),
(17, 15, 2, 0),
(17, 16, 2, 0),
(17, 17, 2, 0),
(17, 18, 2, 0),
(17, 19, 2, 0),
(17, 20, 2, 0),
(17, 21, 2, 0),
(17, 22, 2, 0),
(17, 23, 2, 0),
(17, 24, 2, 0),
(17, 25, 2, 0),
(17, 26, 2, 0),
(17, 27, 2, 0),
(17, 28, 2, 0),
(17, 29, 2, 0),
(17, 30, 2, 0),
(17, 31, 2, 0),
(17, 32, 2, 0),
(17, 33, 2, 0),
(17, 34, 2, 0),
(17, 35, 2, 0),
(17, 36, 2, 0),
(17, 37, 2, 0),
(17, 38, 2, 0),
(17, 39, 2, 0),
(17, 40, 2, 0),
(17, 41, 2, 0),
(17, 42, 2, 0),
(17, 43, 2, 0),
(17, 44, 2, 0),
(17, 45, 2, 0),
(17, 46, 2, 0),
(17, 47, 2, 0),
(17, 48, 2, 0),
(17, 49, 2, 0),
(18, 0, 2, 0),
(18, 1, 2, 0),
(18, 2, 2, 0),
(18, 3, 2, 0),
(18, 4, 2, 0),
(18, 5, 2, 0),
(18, 6, 2, 0),
(18, 7, 2, 0),
(18, 8, 2, 0),
(18, 9, 2, 0),
(18, 10, 2, 0),
(18, 11, 2, 0),
(18, 12, 2, 0),
(18, 13, 2, 0),
(18, 14, 2, 0),
(18, 15, 2, 0),
(18, 16, 2, 0),
(18, 17, 2, 0),
(18, 18, 2, 0),
(18, 19, 2, 0),
(18, 20, 2, 0),
(18, 21, 2, 0),
(18, 22, 2, 0),
(18, 23, 2, 0),
(18, 24, 2, 0),
(18, 25, 2, 0),
(18, 26, 2, 0),
(18, 27, 2, 0),
(18, 28, 2, 0),
(18, 29, 2, 0),
(18, 30, 2, 0),
(18, 31, 2, 0),
(18, 32, 2, 0),
(18, 33, 2, 0),
(18, 34, 2, 0),
(18, 35, 2, 0),
(18, 36, 2, 0),
(18, 37, 2, 0),
(18, 38, 2, 0),
(18, 39, 2, 0),
(18, 40, 2, 0),
(18, 41, 2, 0),
(18, 42, 2, 0),
(18, 43, 2, 0),
(18, 44, 2, 0),
(18, 45, 2, 0),
(18, 46, 2, 0),
(18, 47, 2, 0),
(18, 48, 2, 0),
(18, 49, 2, 0),
(19, 0, 2, 0),
(19, 1, 2, 0),
(19, 2, 2, 0),
(19, 3, 2, 0),
(19, 4, 2, 0),
(19, 5, 2, 0),
(19, 6, 2, 0),
(19, 7, 2, 0),
(19, 8, 2, 0),
(19, 9, 2, 0),
(19, 10, 2, 0),
(19, 11, 2, 0),
(19, 12, 2, 0),
(19, 13, 2, 0),
(19, 14, 2, 0),
(19, 15, 2, 0),
(19, 16, 2, 0),
(19, 17, 2, 0),
(19, 18, 2, 0),
(19, 19, 2, 0),
(19, 20, 2, 0),
(19, 21, 2, 0),
(19, 22, 2, 0),
(19, 23, 2, 0),
(19, 24, 2, 0),
(19, 25, 2, 0),
(19, 26, 2, 0),
(19, 27, 2, 0),
(19, 28, 2, 0),
(19, 29, 2, 0),
(19, 30, 2, 0),
(19, 31, 2, 0),
(19, 32, 2, 0),
(19, 33, 2, 0),
(19, 34, 2, 0),
(19, 35, 2, 0),
(19, 36, 2, 0),
(19, 37, 2, 0),
(19, 38, 2, 0),
(19, 39, 2, 0),
(19, 40, 2, 0),
(19, 41, 2, 0),
(19, 42, 2, 0),
(19, 43, 2, 0),
(19, 44, 2, 0),
(19, 45, 2, 0),
(19, 46, 2, 0),
(19, 47, 2, 0),
(19, 48, 2, 0),
(19, 49, 2, 0),
(20, 0, 2, 0),
(20, 1, 2, 0),
(20, 2, 2, 0),
(20, 3, 2, 0),
(20, 4, 2, 0),
(20, 5, 2, 0),
(20, 6, 2, 0),
(20, 7, 2, 0),
(20, 8, 2, 0),
(20, 9, 2, 0),
(20, 10, 2, 0),
(20, 11, 2, 0),
(20, 12, 2, 0),
(20, 13, 2, 0),
(20, 14, 2, 0),
(20, 15, 2, 0),
(20, 16, 2, 0),
(20, 17, 2, 0),
(20, 18, 2, 0),
(20, 19, 2, 0),
(20, 20, 2, 0),
(20, 21, 2, 0),
(20, 22, 2, 0),
(20, 23, 2, 0),
(20, 24, 2, 0),
(20, 25, 2, 0),
(20, 26, 2, 0),
(20, 27, 2, 0),
(20, 28, 2, 0),
(20, 29, 2, 0),
(20, 30, 2, 0),
(20, 31, 2, 0),
(20, 32, 2, 0),
(20, 33, 2, 0),
(20, 34, 2, 0),
(20, 35, 2, 0),
(20, 36, 2, 0),
(20, 37, 2, 0),
(20, 38, 2, 0),
(20, 39, 2, 0),
(20, 40, 2, 0),
(20, 41, 2, 0),
(20, 42, 2, 0),
(20, 43, 2, 0),
(20, 44, 2, 0),
(20, 45, 2, 0),
(20, 46, 2, 0),
(20, 47, 2, 0),
(20, 48, 2, 0),
(20, 49, 2, 0),
(21, 0, 2, 0),
(21, 1, 2, 0),
(21, 2, 2, 0),
(21, 3, 2, 0),
(21, 4, 2, 0),
(21, 5, 2, 0),
(21, 6, 2, 0),
(21, 7, 2, 0),
(21, 8, 2, 0),
(21, 9, 2, 0),
(21, 10, 2, 0),
(21, 11, 2, 0),
(21, 12, 2, 0),
(21, 13, 2, 0),
(21, 14, 2, 0),
(21, 15, 2, 0),
(21, 16, 2, 0),
(21, 17, 2, 0),
(21, 18, 2, 0),
(21, 19, 2, 0),
(21, 20, 2, 0),
(21, 21, 2, 0),
(21, 22, 2, 0),
(21, 23, 2, 0),
(21, 24, 2, 0),
(21, 25, 2, 0),
(21, 26, 2, 0),
(21, 27, 2, 0),
(21, 28, 2, 0),
(21, 29, 2, 0),
(21, 30, 2, 0),
(21, 31, 2, 0),
(21, 32, 2, 0),
(21, 33, 2, 0),
(21, 34, 2, 0),
(21, 35, 2, 0),
(21, 36, 2, 0),
(21, 37, 2, 0),
(21, 38, 2, 0),
(21, 39, 2, 0),
(21, 40, 2, 0),
(21, 41, 2, 0),
(21, 42, 2, 0),
(21, 43, 2, 0),
(21, 44, 2, 0),
(21, 45, 2, 0),
(21, 46, 2, 0),
(21, 47, 2, 0),
(21, 48, 2, 0),
(21, 49, 2, 0),
(22, 0, 2, 0),
(22, 1, 2, 0),
(22, 2, 2, 0),
(22, 3, 2, 0),
(22, 4, 2, 0),
(22, 5, 2, 0),
(22, 6, 2, 0),
(22, 7, 2, 0),
(22, 8, 2, 0),
(22, 9, 2, 0),
(22, 10, 2, 0),
(22, 11, 2, 0),
(22, 12, 2, 0),
(22, 13, 2, 0),
(22, 14, 2, 0),
(22, 15, 2, 0),
(22, 16, 2, 0),
(22, 17, 2, 0),
(22, 18, 2, 0),
(22, 19, 2, 0),
(22, 20, 2, 0),
(22, 21, 2, 0),
(22, 22, 2, 0),
(22, 23, 2, 0),
(22, 24, 2, 0),
(22, 25, 2, 0),
(22, 26, 2, 0),
(22, 27, 2, 0),
(22, 28, 2, 0),
(22, 29, 2, 0),
(22, 30, 2, 0),
(22, 31, 2, 0),
(22, 32, 2, 0),
(22, 33, 2, 0),
(22, 34, 2, 0),
(22, 35, 2, 0),
(22, 36, 2, 0),
(22, 37, 2, 0),
(22, 38, 2, 0),
(22, 39, 2, 0),
(22, 40, 2, 0),
(22, 41, 2, 0),
(22, 42, 2, 0),
(22, 43, 2, 0),
(22, 44, 2, 0),
(22, 45, 2, 0),
(22, 46, 2, 0),
(22, 47, 2, 0),
(22, 48, 2, 0),
(22, 49, 2, 0),
(23, 0, 2, 0),
(23, 1, 2, 0),
(23, 2, 2, 0),
(23, 3, 2, 0),
(23, 4, 2, 0),
(23, 5, 2, 0),
(23, 6, 2, 0),
(23, 7, 2, 0),
(23, 8, 2, 0),
(23, 9, 2, 0),
(23, 10, 2, 0),
(23, 11, 2, 0),
(23, 12, 2, 0),
(23, 13, 2, 0),
(23, 14, 2, 0),
(23, 15, 2, 0),
(23, 16, 2, 0),
(23, 17, 2, 0),
(23, 18, 2, 0),
(23, 19, 2, 0),
(23, 20, 2, 0),
(23, 21, 2, 0),
(23, 22, 2, 0),
(23, 23, 2, 0),
(23, 24, 2, 0),
(23, 25, 2, 0),
(23, 26, 2, 0),
(23, 27, 2, 0),
(23, 28, 2, 0),
(23, 29, 2, 0),
(23, 30, 2, 1),
(23, 31, 2, 0),
(23, 32, 2, 0),
(23, 33, 2, 0),
(23, 34, 2, 0),
(23, 35, 2, 0),
(23, 36, 2, 0),
(23, 37, 2, 0),
(23, 38, 2, 0),
(23, 39, 2, 0),
(23, 40, 2, 0),
(23, 41, 2, 0),
(23, 42, 2, 0),
(23, 43, 2, 0),
(23, 44, 2, 0),
(23, 45, 2, 0),
(23, 46, 2, 0),
(23, 47, 2, 0),
(23, 48, 2, 0),
(23, 49, 2, 0),
(24, 0, 2, 0),
(24, 1, 2, 0),
(24, 2, 2, 0),
(24, 3, 2, 0),
(24, 4, 2, 0),
(24, 5, 2, 0),
(24, 6, 2, 0),
(24, 7, 2, 0),
(24, 8, 2, 0),
(24, 9, 2, 0),
(24, 10, 2, 0),
(24, 11, 2, 0),
(24, 12, 2, 0),
(24, 13, 2, 0),
(24, 14, 2, 0),
(24, 15, 2, 0),
(24, 16, 2, 0),
(24, 17, 2, 0),
(24, 18, 2, 0),
(24, 19, 2, 0),
(24, 20, 2, 0),
(24, 21, 2, 0),
(24, 22, 2, 0),
(24, 23, 2, 0),
(24, 24, 2, 0),
(24, 25, 2, 0),
(24, 26, 2, 0),
(24, 27, 2, 0),
(24, 28, 2, 0),
(24, 29, 2, 0),
(24, 30, 2, 0),
(24, 31, 2, 0),
(24, 32, 2, 0),
(24, 33, 2, 0),
(24, 34, 2, 0),
(24, 35, 2, 0),
(24, 36, 2, 0),
(24, 37, 2, 0),
(24, 38, 2, 0),
(24, 39, 2, 0),
(24, 40, 2, 0),
(24, 41, 2, 0),
(24, 42, 2, 0),
(24, 43, 2, 0),
(24, 44, 2, 0),
(24, 45, 2, 0),
(24, 46, 2, 0),
(24, 47, 2, 0),
(24, 48, 2, 0),
(24, 49, 2, 0),
(25, 0, 2, 0),
(25, 1, 2, 0),
(25, 2, 2, 0),
(25, 3, 2, 0),
(25, 4, 2, 0),
(25, 5, 2, 0),
(25, 6, 2, 0),
(25, 7, 2, 0),
(25, 8, 2, 0),
(25, 9, 2, 0),
(25, 10, 2, 0),
(25, 11, 2, 0),
(25, 12, 2, 0),
(25, 13, 2, 0),
(25, 14, 2, 0),
(25, 15, 2, 0),
(25, 16, 2, 0),
(25, 17, 2, 0),
(25, 18, 2, 0),
(25, 19, 2, 0),
(25, 20, 2, 0),
(25, 21, 2, 0),
(25, 22, 2, 0),
(25, 23, 2, 0),
(25, 24, 2, 0),
(25, 25, 2, 0),
(25, 26, 2, 0),
(25, 27, 2, 0),
(25, 28, 2, 0),
(25, 29, 2, 0),
(25, 30, 2, 0),
(25, 31, 2, 0),
(25, 32, 2, 0),
(25, 33, 2, 0),
(25, 34, 2, 0),
(25, 35, 2, 0),
(25, 36, 2, 0),
(25, 37, 2, 0),
(25, 38, 2, 0),
(25, 39, 2, 0),
(25, 40, 2, 0),
(25, 41, 2, 0),
(25, 42, 2, 0),
(25, 43, 2, 0),
(25, 44, 2, 0),
(25, 45, 2, 0),
(25, 46, 2, 0),
(25, 47, 2, 0),
(25, 48, 2, 0),
(25, 49, 2, 0),
(26, 0, 2, 0),
(26, 1, 2, 0),
(26, 2, 2, 0),
(26, 3, 2, 0),
(26, 4, 2, 0),
(26, 5, 2, 0),
(26, 6, 2, 0),
(26, 7, 2, 0),
(26, 8, 2, 0),
(26, 9, 2, 0),
(26, 10, 2, 0),
(26, 11, 2, 0),
(26, 12, 2, 0),
(26, 13, 2, 0),
(26, 14, 2, 0),
(26, 15, 2, 0),
(26, 16, 2, 0),
(26, 17, 2, 0),
(26, 18, 2, 0),
(26, 19, 2, 0),
(26, 20, 2, 0),
(26, 21, 2, 0),
(26, 22, 2, 0),
(26, 23, 2, 0),
(26, 24, 2, 0),
(26, 25, 2, 0),
(26, 26, 2, 0),
(26, 27, 2, 0),
(26, 28, 2, 0),
(26, 29, 2, 0),
(26, 30, 2, 0),
(26, 31, 2, 0),
(26, 32, 2, 0),
(26, 33, 2, 0),
(26, 34, 2, 0),
(26, 35, 2, 0),
(26, 36, 2, 0),
(26, 37, 2, 0),
(26, 38, 2, 0),
(26, 39, 2, 0),
(26, 40, 2, 0),
(26, 41, 2, 0),
(26, 42, 2, 0),
(26, 43, 2, 0),
(26, 44, 2, 0),
(26, 45, 2, 0),
(26, 46, 2, 0),
(26, 47, 2, 0),
(26, 48, 2, 0),
(26, 49, 2, 0),
(27, 0, 2, 0),
(27, 1, 2, 0),
(27, 2, 2, 0),
(27, 3, 2, 0),
(27, 4, 2, 0),
(27, 5, 2, 0),
(27, 6, 2, 0),
(27, 7, 2, 0),
(27, 8, 2, 0),
(27, 9, 2, 0),
(27, 10, 2, 0),
(27, 11, 2, 0),
(27, 12, 2, 0),
(27, 13, 2, 0),
(27, 14, 2, 0),
(27, 15, 2, 0),
(27, 16, 2, 0),
(27, 17, 2, 0),
(27, 18, 2, 0),
(27, 19, 2, 0),
(27, 20, 2, 0),
(27, 21, 2, 0),
(27, 22, 2, 0),
(27, 23, 2, 0),
(27, 24, 2, 0),
(27, 25, 2, 0),
(27, 26, 2, 0),
(27, 27, 2, 0),
(27, 28, 2, 0),
(27, 29, 2, 0),
(27, 30, 2, 0),
(27, 31, 2, 0),
(27, 32, 2, 0),
(27, 33, 2, 0),
(27, 34, 2, 0),
(27, 35, 2, 0),
(27, 36, 2, 0),
(27, 37, 2, 0),
(27, 38, 2, 0),
(27, 39, 2, 0),
(27, 40, 2, 0),
(27, 41, 2, 0),
(27, 42, 2, 0),
(27, 43, 2, 0),
(27, 44, 2, 0),
(27, 45, 2, 0),
(27, 46, 2, 0),
(27, 47, 2, 0),
(27, 48, 2, 0),
(27, 49, 2, 0),
(28, 0, 2, 0),
(28, 1, 2, 0),
(28, 2, 2, 0),
(28, 3, 2, 0),
(28, 4, 2, 0),
(28, 5, 2, 0),
(28, 6, 2, 0),
(28, 7, 2, 0),
(28, 8, 2, 0),
(28, 9, 2, 0),
(28, 10, 2, 0),
(28, 11, 2, 0),
(28, 12, 2, 0),
(28, 13, 2, 0),
(28, 14, 2, 0),
(28, 15, 2, 0),
(28, 16, 2, 0),
(28, 17, 2, 0),
(28, 18, 2, 0),
(28, 19, 2, 0),
(28, 20, 2, 0),
(28, 21, 2, 0),
(28, 22, 2, 0),
(28, 23, 2, 0),
(28, 24, 2, 0),
(28, 25, 2, 0),
(28, 26, 2, 0),
(28, 27, 2, 0),
(28, 28, 2, 0),
(28, 29, 2, 0),
(28, 30, 2, 0),
(28, 31, 2, 0),
(28, 32, 2, 0),
(28, 33, 2, 0),
(28, 34, 2, 0),
(28, 35, 2, 0),
(28, 36, 2, 0),
(28, 37, 2, 0),
(28, 38, 2, 0),
(28, 39, 2, 0),
(28, 40, 2, 0),
(28, 41, 2, 0),
(28, 42, 2, 0),
(28, 43, 2, 0),
(28, 44, 2, 0),
(28, 45, 2, 0),
(28, 46, 2, 0),
(28, 47, 2, 0),
(28, 48, 2, 0),
(28, 49, 2, 0),
(29, 0, 2, 0),
(29, 1, 2, 0),
(29, 2, 2, 0),
(29, 3, 2, 0),
(29, 4, 2, 0),
(29, 5, 2, 0),
(29, 6, 2, 0),
(29, 7, 2, 0),
(29, 8, 2, 0),
(29, 9, 2, 0),
(29, 10, 2, 0),
(29, 11, 2, 0),
(29, 12, 2, 0),
(29, 13, 2, 0),
(29, 14, 2, 0),
(29, 15, 2, 0),
(29, 16, 2, 0),
(29, 17, 2, 0),
(29, 18, 2, 0),
(29, 19, 2, 0),
(29, 20, 2, 0),
(29, 21, 2, 0),
(29, 22, 2, 0),
(29, 23, 2, 0),
(29, 24, 2, 0),
(29, 25, 2, 0),
(29, 26, 2, 0),
(29, 27, 2, 0),
(29, 28, 2, 0),
(29, 29, 2, 0),
(29, 30, 2, 0),
(29, 31, 2, 0),
(29, 32, 2, 0),
(29, 33, 2, 0),
(29, 34, 2, 0),
(29, 35, 2, 0),
(29, 36, 2, 0),
(29, 37, 2, 0),
(29, 38, 2, 0),
(29, 39, 2, 0),
(29, 40, 2, 0),
(29, 41, 2, 0),
(29, 42, 2, 0),
(29, 43, 2, 0),
(29, 44, 2, 0),
(29, 45, 2, 0),
(29, 46, 2, 0),
(29, 47, 2, 0),
(29, 48, 2, 0),
(29, 49, 2, 0),
(30, 0, 2, 0),
(30, 1, 2, 0),
(30, 2, 2, 0),
(30, 3, 2, 0),
(30, 4, 2, 0),
(30, 5, 2, 0),
(30, 6, 2, 0),
(30, 7, 2, 0),
(30, 8, 2, 0),
(30, 9, 2, 0),
(30, 10, 2, 0),
(30, 11, 2, 0),
(30, 12, 2, 0),
(30, 13, 2, 0),
(30, 14, 2, 0),
(30, 15, 2, 0),
(30, 16, 2, 0),
(30, 17, 2, 0),
(30, 18, 2, 0),
(30, 19, 2, 0),
(30, 20, 2, 0),
(30, 21, 2, 0),
(30, 22, 2, 0),
(30, 23, 2, 0),
(30, 24, 2, 0),
(30, 25, 2, 0),
(30, 26, 2, 0),
(30, 27, 2, 0),
(30, 28, 2, 0),
(30, 29, 2, 0),
(30, 30, 2, 0),
(30, 31, 2, 0),
(30, 32, 2, 0),
(30, 33, 2, 0),
(30, 34, 2, 0),
(30, 35, 2, 0),
(30, 36, 2, 0),
(30, 37, 2, 0),
(30, 38, 2, 0),
(30, 39, 2, 0),
(30, 40, 2, 0),
(30, 41, 2, 0),
(30, 42, 2, 0),
(30, 43, 2, 0),
(30, 44, 2, 0),
(30, 45, 2, 0),
(30, 46, 2, 0),
(30, 47, 2, 0),
(30, 48, 2, 0),
(30, 49, 2, 0),
(31, 0, 2, 0),
(31, 1, 2, 0),
(31, 2, 2, 0),
(31, 3, 2, 0),
(31, 4, 2, 0),
(31, 5, 2, 0),
(31, 6, 2, 0),
(31, 7, 2, 0),
(31, 8, 2, 0),
(31, 9, 2, 0),
(31, 10, 2, 0),
(31, 11, 2, 0),
(31, 12, 2, 0),
(31, 13, 2, 0),
(31, 14, 2, 0),
(31, 15, 2, 0),
(31, 16, 2, 0),
(31, 17, 2, 0),
(31, 18, 2, 0),
(31, 19, 2, 0),
(31, 20, 2, 0),
(31, 21, 2, 0),
(31, 22, 2, 0),
(31, 23, 2, 0),
(31, 24, 2, 0),
(31, 25, 2, 0),
(31, 26, 2, 0),
(31, 27, 2, 0),
(31, 28, 2, 0),
(31, 29, 2, 0),
(31, 30, 2, 0),
(31, 31, 2, 0),
(31, 32, 2, 0),
(31, 33, 2, 0),
(31, 34, 2, 0),
(31, 35, 2, 0),
(31, 36, 2, 0),
(31, 37, 2, 0),
(31, 38, 2, 0),
(31, 39, 2, 0),
(31, 40, 2, 0),
(31, 41, 2, 0),
(31, 42, 2, 0),
(31, 43, 2, 0),
(31, 44, 2, 0),
(31, 45, 2, 0),
(31, 46, 2, 0),
(31, 47, 2, 0),
(31, 48, 2, 0),
(31, 49, 2, 0),
(32, 0, 2, 0),
(32, 1, 2, 0),
(32, 2, 2, 0),
(32, 3, 2, 0),
(32, 4, 2, 0),
(32, 5, 2, 0),
(32, 6, 2, 0),
(32, 7, 2, 0),
(32, 8, 2, 0),
(32, 9, 2, 0),
(32, 10, 2, 0),
(32, 11, 2, 0),
(32, 12, 2, 0),
(32, 13, 2, 0),
(32, 14, 2, 0),
(32, 15, 2, 0),
(32, 16, 2, 0),
(32, 17, 2, 0),
(32, 18, 2, 0),
(32, 19, 2, 0),
(32, 20, 2, 0),
(32, 21, 2, 0),
(32, 22, 2, 0),
(32, 23, 2, 0),
(32, 24, 2, 0),
(32, 25, 2, 0),
(32, 26, 2, 0),
(32, 27, 2, 0),
(32, 28, 2, 0),
(32, 29, 2, 0),
(32, 30, 2, 0),
(32, 31, 2, 0),
(32, 32, 2, 0),
(32, 33, 2, 0),
(32, 34, 2, 0),
(32, 35, 2, 0),
(32, 36, 2, 0),
(32, 37, 2, 0),
(32, 38, 2, 0),
(32, 39, 2, 0),
(32, 40, 2, 0),
(32, 41, 2, 0),
(32, 42, 2, 0),
(32, 43, 2, 0),
(32, 44, 2, 0),
(32, 45, 2, 0),
(32, 46, 2, 0),
(32, 47, 2, 0),
(32, 48, 2, 0),
(32, 49, 2, 0),
(33, 0, 2, 0),
(33, 1, 2, 0),
(33, 2, 2, 0),
(33, 3, 2, 0),
(33, 4, 2, 0),
(33, 5, 2, 0),
(33, 6, 2, 0),
(33, 7, 2, 0),
(33, 8, 2, 0),
(33, 9, 2, 0),
(33, 10, 2, 0),
(33, 11, 2, 0),
(33, 12, 2, 0),
(33, 13, 2, 0),
(33, 14, 2, 0),
(33, 15, 2, 0),
(33, 16, 2, 0),
(33, 17, 2, 0),
(33, 18, 2, 0),
(33, 19, 2, 0),
(33, 20, 2, 0),
(33, 21, 2, 0),
(33, 22, 2, 0),
(33, 23, 2, 0),
(33, 24, 2, 0),
(33, 25, 2, 0),
(33, 26, 2, 0),
(33, 27, 2, 0),
(33, 28, 2, 0),
(33, 29, 2, 0),
(33, 30, 2, 0),
(33, 31, 2, 0),
(33, 32, 2, 0),
(33, 33, 2, 0),
(33, 34, 2, 0),
(33, 35, 2, 0),
(33, 36, 2, 0),
(33, 37, 2, 0),
(33, 38, 2, 0),
(33, 39, 2, 0),
(33, 40, 2, 0),
(33, 41, 2, 0),
(33, 42, 2, 0),
(33, 43, 2, 0),
(33, 44, 2, 0),
(33, 45, 2, 0),
(33, 46, 2, 0),
(33, 47, 2, 0),
(33, 48, 2, 0),
(33, 49, 2, 0),
(34, 0, 2, 0),
(34, 1, 2, 0),
(34, 2, 2, 0),
(34, 3, 2, 0),
(34, 4, 2, 0),
(34, 5, 2, 0),
(34, 6, 2, 0),
(34, 7, 2, 0),
(34, 8, 2, 0),
(34, 9, 2, 0),
(34, 10, 2, 0),
(34, 11, 2, 0),
(34, 12, 2, 0),
(34, 13, 2, 0),
(34, 14, 2, 0),
(34, 15, 2, 0),
(34, 16, 2, 0),
(34, 17, 2, 0),
(34, 18, 2, 0),
(34, 19, 2, 0),
(34, 20, 2, 0),
(34, 21, 2, 0),
(34, 22, 2, 0),
(34, 23, 2, 0),
(34, 24, 2, 0),
(34, 25, 2, 0),
(34, 26, 2, 0),
(34, 27, 2, 0),
(34, 28, 2, 0),
(34, 29, 2, 0),
(34, 30, 2, 0),
(34, 31, 2, 0),
(34, 32, 2, 0),
(34, 33, 2, 0),
(34, 34, 2, 0),
(34, 35, 2, 0),
(34, 36, 2, 0),
(34, 37, 2, 0),
(34, 38, 2, 0),
(34, 39, 2, 0),
(34, 40, 2, 0),
(34, 41, 2, 0),
(34, 42, 2, 0),
(34, 43, 2, 0),
(34, 44, 2, 0),
(34, 45, 2, 0),
(34, 46, 2, 0),
(34, 47, 2, 0),
(34, 48, 2, 0),
(34, 49, 2, 0),
(35, 0, 2, 0),
(35, 1, 2, 0),
(35, 2, 2, 0),
(35, 3, 2, 0),
(35, 4, 2, 0),
(35, 5, 2, 0),
(35, 6, 2, 0),
(35, 7, 2, 0),
(35, 8, 2, 0),
(35, 9, 2, 0),
(35, 10, 2, 0),
(35, 11, 2, 0),
(35, 12, 2, 0),
(35, 13, 2, 0),
(35, 14, 2, 0),
(35, 15, 2, 0),
(35, 16, 2, 0),
(35, 17, 2, 0),
(35, 18, 2, 0),
(35, 19, 2, 0),
(35, 20, 2, 0),
(35, 21, 2, 0),
(35, 22, 2, 0),
(35, 23, 2, 0),
(35, 24, 2, 0),
(35, 25, 2, 0),
(35, 26, 2, 0),
(35, 27, 2, 0),
(35, 28, 2, 0),
(35, 29, 2, 1),
(35, 30, 2, 0),
(35, 31, 2, 0),
(35, 32, 2, 0),
(35, 33, 2, 0),
(35, 34, 2, 0),
(35, 35, 2, 0),
(35, 36, 2, 0),
(35, 37, 2, 0),
(35, 38, 2, 0),
(35, 39, 2, 0),
(35, 40, 2, 0),
(35, 41, 2, 0),
(35, 42, 2, 0),
(35, 43, 2, 0),
(35, 44, 2, 0),
(35, 45, 2, 0),
(35, 46, 2, 0),
(35, 47, 2, 0),
(35, 48, 2, 0),
(35, 49, 2, 0),
(36, 0, 2, 0),
(36, 1, 2, 0),
(36, 2, 2, 0),
(36, 3, 2, 0),
(36, 4, 2, 0),
(36, 5, 2, 0),
(36, 6, 2, 0),
(36, 7, 2, 0),
(36, 8, 2, 0),
(36, 9, 2, 0),
(36, 10, 2, 0),
(36, 11, 2, 0),
(36, 12, 2, 0),
(36, 13, 2, 0),
(36, 14, 2, 0),
(36, 15, 2, 0),
(36, 16, 2, 0),
(36, 17, 2, 0),
(36, 18, 2, 0),
(36, 19, 2, 0),
(36, 20, 2, 0),
(36, 21, 2, 0),
(36, 22, 2, 0),
(36, 23, 2, 0),
(36, 24, 2, 0),
(36, 25, 2, 0),
(36, 26, 2, 0),
(36, 27, 2, 0),
(36, 28, 2, 0),
(36, 29, 2, 0),
(36, 30, 2, 0),
(36, 31, 2, 0),
(36, 32, 2, 0),
(36, 33, 2, 0),
(36, 34, 2, 0),
(36, 35, 2, 0),
(36, 36, 2, 0),
(36, 37, 2, 0),
(36, 38, 2, 0),
(36, 39, 2, 0),
(36, 40, 2, 0),
(36, 41, 2, 0),
(36, 42, 2, 0),
(36, 43, 2, 0),
(36, 44, 2, 0),
(36, 45, 2, 0),
(36, 46, 2, 0),
(36, 47, 2, 0),
(36, 48, 2, 0),
(36, 49, 2, 0),
(37, 0, 2, 0),
(37, 1, 2, 0),
(37, 2, 2, 0),
(37, 3, 2, 0),
(37, 4, 2, 0),
(37, 5, 2, 0),
(37, 6, 2, 0),
(37, 7, 2, 0),
(37, 8, 2, 0),
(37, 9, 2, 0),
(37, 10, 2, 0),
(37, 11, 2, 0),
(37, 12, 2, 0),
(37, 13, 2, 0),
(37, 14, 2, 0),
(37, 15, 2, 0),
(37, 16, 2, 0),
(37, 17, 2, 0),
(37, 18, 2, 0),
(37, 19, 2, 0),
(37, 20, 2, 0),
(37, 21, 2, 0),
(37, 22, 2, 0),
(37, 23, 2, 0),
(37, 24, 2, 0),
(37, 25, 2, 0),
(37, 26, 2, 0),
(37, 27, 2, 0),
(37, 28, 2, 0),
(37, 29, 2, 0),
(37, 30, 2, 0),
(37, 31, 2, 0),
(37, 32, 2, 0),
(37, 33, 2, 0),
(37, 34, 2, 0),
(37, 35, 2, 0),
(37, 36, 2, 0),
(37, 37, 2, 0),
(37, 38, 2, 0),
(37, 39, 2, 0),
(37, 40, 2, 0),
(37, 41, 2, 0),
(37, 42, 2, 0),
(37, 43, 2, 0),
(37, 44, 2, 0),
(37, 45, 2, 0),
(37, 46, 2, 0),
(37, 47, 2, 0),
(37, 48, 2, 0),
(37, 49, 2, 0),
(38, 0, 2, 0),
(38, 1, 2, 0),
(38, 2, 2, 0),
(38, 3, 2, 0),
(38, 4, 2, 0),
(38, 5, 2, 0),
(38, 6, 2, 0),
(38, 7, 2, 0),
(38, 8, 2, 0),
(38, 9, 2, 0),
(38, 10, 2, 0),
(38, 11, 2, 0),
(38, 12, 2, 0),
(38, 13, 2, 0),
(38, 14, 2, 0),
(38, 15, 2, 0),
(38, 16, 2, 0),
(38, 17, 2, 0),
(38, 18, 2, 0),
(38, 19, 2, 0),
(38, 20, 2, 0),
(38, 21, 2, 0),
(38, 22, 2, 0),
(38, 23, 2, 0),
(38, 24, 2, 0),
(38, 25, 2, 0),
(38, 26, 2, 0),
(38, 27, 2, 0),
(38, 28, 2, 0),
(38, 29, 2, 0),
(38, 30, 2, 0),
(38, 31, 2, 0),
(38, 32, 2, 0),
(38, 33, 2, 0),
(38, 34, 2, 0),
(38, 35, 2, 0),
(38, 36, 2, 0),
(38, 37, 2, 0),
(38, 38, 2, 0),
(38, 39, 2, 0),
(38, 40, 2, 0),
(38, 41, 2, 0),
(38, 42, 2, 0),
(38, 43, 2, 0),
(38, 44, 2, 0),
(38, 45, 2, 0),
(38, 46, 2, 0),
(38, 47, 2, 0),
(38, 48, 2, 0),
(38, 49, 2, 0),
(39, 0, 2, 0),
(39, 1, 2, 0),
(39, 2, 2, 0),
(39, 3, 2, 0),
(39, 4, 2, 0),
(39, 5, 2, 0),
(39, 6, 2, 0),
(39, 7, 2, 0),
(39, 8, 2, 0),
(39, 9, 2, 0),
(39, 10, 2, 0),
(39, 11, 2, 0),
(39, 12, 2, 0),
(39, 13, 2, 0),
(39, 14, 2, 0),
(39, 15, 2, 0),
(39, 16, 2, 0),
(39, 17, 2, 0),
(39, 18, 2, 0),
(39, 19, 2, 0),
(39, 20, 2, 0),
(39, 21, 2, 0),
(39, 22, 2, 0),
(39, 23, 2, 0),
(39, 24, 2, 0),
(39, 25, 2, 0),
(39, 26, 2, 0),
(39, 27, 2, 0),
(39, 28, 2, 0),
(39, 29, 2, 0),
(39, 30, 2, 0),
(39, 31, 2, 0),
(39, 32, 2, 0),
(39, 33, 2, 0),
(39, 34, 2, 0),
(39, 35, 2, 0),
(39, 36, 2, 0),
(39, 37, 2, 0),
(39, 38, 2, 0),
(39, 39, 2, 0),
(39, 40, 2, 0),
(39, 41, 2, 0),
(39, 42, 2, 0),
(39, 43, 2, 0),
(39, 44, 2, 0),
(39, 45, 2, 0),
(39, 46, 2, 0),
(39, 47, 2, 0),
(39, 48, 2, 0),
(39, 49, 2, 0),
(40, 0, 2, 0),
(40, 1, 2, 0),
(40, 2, 2, 0),
(40, 3, 2, 0),
(40, 4, 2, 0),
(40, 5, 2, 0),
(40, 6, 2, 0),
(40, 7, 2, 0),
(40, 8, 2, 0),
(40, 9, 2, 0),
(40, 10, 2, 0),
(40, 11, 2, 0),
(40, 12, 2, 0),
(40, 13, 2, 0),
(40, 14, 2, 0),
(40, 15, 2, 0),
(40, 16, 2, 0),
(40, 17, 2, 0),
(40, 18, 2, 0),
(40, 19, 2, 0),
(40, 20, 2, 0),
(40, 21, 2, 0),
(40, 22, 2, 0),
(40, 23, 2, 0),
(40, 24, 2, 0),
(40, 25, 2, 0),
(40, 26, 2, 0),
(40, 27, 2, 0),
(40, 28, 2, 0),
(40, 29, 2, 0),
(40, 30, 2, 0),
(40, 31, 2, 0),
(40, 32, 2, 0),
(40, 33, 2, 0),
(40, 34, 2, 0),
(40, 35, 2, 0),
(40, 36, 2, 0),
(40, 37, 2, 0),
(40, 38, 2, 0),
(40, 39, 2, 0),
(40, 40, 2, 0),
(40, 41, 2, 0),
(40, 42, 2, 0),
(40, 43, 2, 0),
(40, 44, 2, 0),
(40, 45, 2, 0),
(40, 46, 2, 0),
(40, 47, 2, 0),
(40, 48, 2, 0),
(40, 49, 2, 0),
(41, 0, 2, 0),
(41, 1, 2, 0),
(41, 2, 2, 0),
(41, 3, 2, 0),
(41, 4, 2, 0),
(41, 5, 2, 0),
(41, 6, 2, 0),
(41, 7, 2, 0),
(41, 8, 2, 0),
(41, 9, 2, 0),
(41, 10, 2, 0),
(41, 11, 2, 0),
(41, 12, 2, 0),
(41, 13, 2, 0),
(41, 14, 2, 0),
(41, 15, 2, 0),
(41, 16, 2, 0),
(41, 17, 2, 0),
(41, 18, 2, 0),
(41, 19, 2, 0),
(41, 20, 2, 0),
(41, 21, 2, 0),
(41, 22, 2, 0),
(41, 23, 2, 0),
(41, 24, 2, 0),
(41, 25, 2, 0),
(41, 26, 2, 0),
(41, 27, 2, 0),
(41, 28, 2, 0),
(41, 29, 2, 0),
(41, 30, 2, 0),
(41, 31, 2, 0),
(41, 32, 2, 0),
(41, 33, 2, 0),
(41, 34, 2, 0),
(41, 35, 2, 0),
(41, 36, 2, 0),
(41, 37, 2, 0),
(41, 38, 2, 0),
(41, 39, 2, 0),
(41, 40, 2, 0),
(41, 41, 2, 0),
(41, 42, 2, 0),
(41, 43, 2, 0),
(41, 44, 2, 0),
(41, 45, 2, 0),
(41, 46, 2, 0),
(41, 47, 2, 0),
(41, 48, 2, 0),
(41, 49, 2, 0),
(42, 0, 2, 0),
(42, 1, 2, 0),
(42, 2, 2, 0),
(42, 3, 2, 0),
(42, 4, 2, 0),
(42, 5, 2, 0),
(42, 6, 2, 0),
(42, 7, 2, 0),
(42, 8, 2, 0),
(42, 9, 2, 0),
(42, 10, 2, 0),
(42, 11, 2, 0),
(42, 12, 2, 0),
(42, 13, 2, 0),
(42, 14, 2, 0),
(42, 15, 2, 0),
(42, 16, 2, 0),
(42, 17, 2, 0),
(42, 18, 2, 0),
(42, 19, 2, 0),
(42, 20, 2, 0),
(42, 21, 2, 0),
(42, 22, 2, 0),
(42, 23, 2, 0),
(42, 24, 2, 0),
(42, 25, 2, 0),
(42, 26, 2, 0),
(42, 27, 2, 0),
(42, 28, 2, 0),
(42, 29, 2, 0),
(42, 30, 2, 0),
(42, 31, 2, 0),
(42, 32, 2, 0),
(42, 33, 2, 0),
(42, 34, 2, 0),
(42, 35, 2, 0),
(42, 36, 2, 0),
(42, 37, 2, 0),
(42, 38, 2, 0),
(42, 39, 2, 0),
(42, 40, 2, 0),
(42, 41, 2, 0),
(42, 42, 2, 0),
(42, 43, 2, 0),
(42, 44, 2, 0),
(42, 45, 2, 0),
(42, 46, 2, 0),
(42, 47, 2, 0),
(42, 48, 2, 0),
(42, 49, 2, 0),
(43, 0, 2, 0),
(43, 1, 2, 0),
(43, 2, 2, 0),
(43, 3, 2, 0),
(43, 4, 2, 0),
(43, 5, 2, 0),
(43, 6, 2, 0),
(43, 7, 2, 0),
(43, 8, 2, 0),
(43, 9, 2, 0),
(43, 10, 2, 0),
(43, 11, 2, 0),
(43, 12, 2, 0),
(43, 13, 2, 0),
(43, 14, 2, 0),
(43, 15, 2, 0),
(43, 16, 2, 0),
(43, 17, 2, 0),
(43, 18, 2, 0),
(43, 19, 2, 0),
(43, 20, 2, 0),
(43, 21, 2, 0),
(43, 22, 2, 0),
(43, 23, 2, 0),
(43, 24, 2, 0),
(43, 25, 2, 0),
(43, 26, 2, 0),
(43, 27, 2, 0),
(43, 28, 2, 0),
(43, 29, 2, 0),
(43, 30, 2, 0),
(43, 31, 2, 0),
(43, 32, 2, 0),
(43, 33, 2, 0),
(43, 34, 2, 0),
(43, 35, 2, 0),
(43, 36, 2, 0),
(43, 37, 2, 0),
(43, 38, 2, 0),
(43, 39, 2, 0),
(43, 40, 2, 0),
(43, 41, 2, 0),
(43, 42, 2, 0),
(43, 43, 2, 0),
(43, 44, 2, 0),
(43, 45, 2, 0),
(43, 46, 2, 0),
(43, 47, 2, 0),
(43, 48, 2, 0),
(43, 49, 2, 0),
(44, 0, 2, 0),
(44, 1, 2, 0),
(44, 2, 2, 0),
(44, 3, 2, 0),
(44, 4, 2, 0),
(44, 5, 2, 0),
(44, 6, 2, 0),
(44, 7, 2, 0),
(44, 8, 2, 0),
(44, 9, 2, 0),
(44, 10, 2, 0),
(44, 11, 2, 0),
(44, 12, 2, 0),
(44, 13, 2, 0),
(44, 14, 2, 0),
(44, 15, 2, 0),
(44, 16, 2, 0),
(44, 17, 2, 0),
(44, 18, 2, 0),
(44, 19, 2, 0),
(44, 20, 2, 0),
(44, 21, 2, 0),
(44, 22, 2, 0),
(44, 23, 2, 0),
(44, 24, 2, 0),
(44, 25, 2, 0),
(44, 26, 2, 0),
(44, 27, 2, 0),
(44, 28, 2, 0),
(44, 29, 2, 0),
(44, 30, 2, 0),
(44, 31, 2, 0),
(44, 32, 2, 0),
(44, 33, 2, 0),
(44, 34, 2, 0),
(44, 35, 2, 0),
(44, 36, 2, 0),
(44, 37, 2, 0),
(44, 38, 2, 0),
(44, 39, 2, 0),
(44, 40, 2, 0),
(44, 41, 2, 0),
(44, 42, 2, 0),
(44, 43, 2, 0),
(44, 44, 2, 0),
(44, 45, 2, 0),
(44, 46, 2, 0),
(44, 47, 2, 0),
(44, 48, 2, 0),
(44, 49, 2, 0),
(45, 0, 2, 0),
(45, 1, 2, 0),
(45, 2, 2, 0),
(45, 3, 2, 0),
(45, 4, 2, 0),
(45, 5, 2, 0),
(45, 6, 2, 0),
(45, 7, 2, 0),
(45, 8, 2, 0),
(45, 9, 2, 0),
(45, 10, 2, 0),
(45, 11, 2, 0),
(45, 12, 2, 0),
(45, 13, 2, 0),
(45, 14, 2, 0),
(45, 15, 2, 0),
(45, 16, 2, 0),
(45, 17, 2, 0),
(45, 18, 2, 0),
(45, 19, 2, 0),
(45, 20, 2, 0),
(45, 21, 2, 0),
(45, 22, 2, 0),
(45, 23, 2, 0),
(45, 24, 2, 0),
(45, 25, 2, 0),
(45, 26, 2, 0),
(45, 27, 2, 0),
(45, 28, 2, 0),
(45, 29, 2, 0),
(45, 30, 2, 0),
(45, 31, 2, 0),
(45, 32, 2, 0),
(45, 33, 2, 0),
(45, 34, 2, 0),
(45, 35, 2, 0),
(45, 36, 2, 0),
(45, 37, 2, 0),
(45, 38, 2, 0),
(45, 39, 2, 0),
(45, 40, 2, 0),
(45, 41, 2, 0),
(45, 42, 2, 0),
(45, 43, 2, 0),
(45, 44, 2, 0),
(45, 45, 2, 0),
(45, 46, 2, 0),
(45, 47, 2, 0),
(45, 48, 2, 0),
(45, 49, 2, 0),
(46, 0, 2, 0),
(46, 1, 2, 0),
(46, 2, 2, 0),
(46, 3, 2, 0),
(46, 4, 2, 0),
(46, 5, 2, 0),
(46, 6, 2, 0),
(46, 7, 2, 0),
(46, 8, 2, 0),
(46, 9, 2, 0),
(46, 10, 2, 0),
(46, 11, 2, 0),
(46, 12, 2, 0),
(46, 13, 2, 0),
(46, 14, 2, 0),
(46, 15, 2, 0),
(46, 16, 2, 0),
(46, 17, 2, 0),
(46, 18, 2, 0),
(46, 19, 2, 0),
(46, 20, 2, 0),
(46, 21, 2, 0),
(46, 22, 2, 0),
(46, 23, 2, 0),
(46, 24, 2, 0),
(46, 25, 2, 0),
(46, 26, 2, 0),
(46, 27, 2, 0),
(46, 28, 2, 0),
(46, 29, 2, 0),
(46, 30, 2, 0),
(46, 31, 2, 0),
(46, 32, 2, 0),
(46, 33, 2, 0),
(46, 34, 2, 0),
(46, 35, 2, 0),
(46, 36, 2, 0),
(46, 37, 2, 0),
(46, 38, 2, 0),
(46, 39, 2, 0),
(46, 40, 2, 0),
(46, 41, 2, 0),
(46, 42, 2, 0),
(46, 43, 2, 0),
(46, 44, 2, 0),
(46, 45, 2, 0),
(46, 46, 2, 0),
(46, 47, 2, 0),
(46, 48, 2, 0),
(46, 49, 2, 0),
(47, 0, 2, 0),
(47, 1, 2, 0),
(47, 2, 2, 0),
(47, 3, 2, 0),
(47, 4, 2, 0),
(47, 5, 2, 0),
(47, 6, 2, 0),
(47, 7, 2, 0),
(47, 8, 2, 0),
(47, 9, 2, 0),
(47, 10, 2, 0),
(47, 11, 2, 0),
(47, 12, 2, 0),
(47, 13, 2, 0),
(47, 14, 2, 0),
(47, 15, 2, 0),
(47, 16, 2, 0),
(47, 17, 2, 0),
(47, 18, 2, 0),
(47, 19, 2, 0),
(47, 20, 2, 0),
(47, 21, 2, 0),
(47, 22, 2, 0),
(47, 23, 2, 0),
(47, 24, 2, 0),
(47, 25, 2, 0),
(47, 26, 2, 0),
(47, 27, 2, 0),
(47, 28, 2, 0),
(47, 29, 2, 0),
(47, 30, 2, 0),
(47, 31, 2, 0),
(47, 32, 2, 0),
(47, 33, 2, 0),
(47, 34, 2, 0),
(47, 35, 2, 0),
(47, 36, 2, 0),
(47, 37, 2, 0),
(47, 38, 2, 0),
(47, 39, 2, 0),
(47, 40, 2, 0),
(47, 41, 2, 0),
(47, 42, 2, 0),
(47, 43, 2, 0),
(47, 44, 2, 0),
(47, 45, 2, 0),
(47, 46, 2, 0),
(47, 47, 2, 0),
(47, 48, 2, 0),
(47, 49, 2, 0),
(48, 0, 2, 0),
(48, 1, 2, 0),
(48, 2, 2, 0),
(48, 3, 2, 0),
(48, 4, 2, 0),
(48, 5, 2, 0),
(48, 6, 2, 0),
(48, 7, 2, 0),
(48, 8, 2, 0),
(48, 9, 2, 0),
(48, 10, 2, 0),
(48, 11, 2, 0),
(48, 12, 2, 0),
(48, 13, 2, 0),
(48, 14, 2, 0),
(48, 15, 2, 0),
(48, 16, 2, 0),
(48, 17, 2, 0),
(48, 18, 2, 0),
(48, 19, 2, 0),
(48, 20, 2, 0),
(48, 21, 2, 0),
(48, 22, 2, 0),
(48, 23, 2, 0),
(48, 24, 2, 0),
(48, 25, 2, 0),
(48, 26, 2, 0),
(48, 27, 2, 0),
(48, 28, 2, 0),
(48, 29, 2, 0),
(48, 30, 2, 0),
(48, 31, 2, 0),
(48, 32, 2, 0),
(48, 33, 2, 0),
(48, 34, 2, 0),
(48, 35, 2, 0),
(48, 36, 2, 0),
(48, 37, 2, 0),
(48, 38, 2, 0),
(48, 39, 2, 0),
(48, 40, 2, 0),
(48, 41, 2, 0),
(48, 42, 2, 0),
(48, 43, 2, 0),
(48, 44, 2, 0),
(48, 45, 2, 0),
(48, 46, 2, 0),
(48, 47, 2, 0),
(48, 48, 2, 0),
(48, 49, 2, 0),
(49, 0, 2, 0),
(49, 1, 2, 0),
(49, 2, 2, 0),
(49, 3, 2, 0),
(49, 4, 2, 0),
(49, 5, 2, 0),
(49, 6, 2, 0),
(49, 7, 2, 0),
(49, 8, 2, 0),
(49, 9, 2, 0),
(49, 10, 2, 0),
(49, 11, 2, 0),
(49, 12, 2, 0),
(49, 13, 2, 0),
(49, 14, 2, 0),
(49, 15, 2, 0),
(49, 16, 2, 0),
(49, 17, 2, 0),
(49, 18, 2, 0),
(49, 19, 2, 0),
(49, 20, 2, 0),
(49, 21, 2, 0),
(49, 22, 2, 0),
(49, 23, 2, 0),
(49, 24, 2, 0),
(49, 25, 2, 0),
(49, 26, 2, 0),
(49, 27, 2, 0),
(49, 28, 2, 0),
(49, 29, 2, 0),
(49, 30, 2, 0),
(49, 31, 2, 0),
(49, 32, 2, 0),
(49, 33, 2, 0),
(49, 34, 2, 0),
(49, 35, 2, 0),
(49, 36, 2, 0),
(49, 37, 2, 0),
(49, 38, 2, 0),
(49, 39, 2, 0),
(49, 40, 2, 0),
(49, 41, 2, 0),
(49, 42, 2, 0),
(49, 43, 2, 0),
(49, 44, 2, 0),
(49, 45, 2, 0),
(49, 46, 2, 0),
(49, 47, 2, 0),
(49, 48, 2, 0),
(49, 49, 2, 0);

-- --------------------------------------------------------

--
-- Structure de la table `map_content`
--

CREATE TABLE IF NOT EXISTS `map_content` (
  `x` int(11) NOT NULL,
  `y` int(11) NOT NULL,
  `type` int(11) NOT NULL,
  PRIMARY KEY (`x`,`y`),
  KEY `type` (`type`)
) ENGINE=InnoDB DEFAULT CHARSET=latin1;

--
-- Contenu de la table `map_content`
--

INSERT INTO `map_content` (`x`, `y`, `type`) VALUES
(9, 16, 9),
(15, 19, 9),
(36, 12, 9),
(40, 29, 9),
(42, 13, 9);

-- --------------------------------------------------------

--
-- Structure de la table `monster`
--

CREATE TABLE IF NOT EXISTS `monster` (
  `id` int(11) NOT NULL AUTO_INCREMENT,
  `name` varchar(150) NOT NULL,
  PRIMARY KEY (`id`)
) ENGINE=InnoDB  DEFAULT CHARSET=latin1 AUTO_INCREMENT=3 ;

--
-- Contenu de la table `monster`
--

INSERT INTO `monster` (`id`, `name`) VALUES
(1, 'bouftou'),
(2, 'tofu');

-- --------------------------------------------------------

--
-- Structure de la table `personnage`
--

CREATE TABLE IF NOT EXISTS `personnage` (
  `id_compte` int(11) NOT NULL,
  `race` int(11) NOT NULL,
  `classe` int(50) NOT NULL,
  `name` varchar(30) NOT NULL,
  `posx` double DEFAULT NULL,
  `orientation` varchar(50) DEFAULT NULL,
  `posy` double NOT NULL,
  UNIQUE KEY `index_id_joueur` (`name`),
  KEY `race` (`race`),
  KEY `classe` (`classe`),
  KEY `id_compte` (`id_compte`)
) ENGINE=InnoDB DEFAULT CHARSET=latin1;

--
-- Contenu de la table `personnage`
--

INSERT INTO `personnage` (`id_compte`, `race`, `classe`, `name`, `posx`, `orientation`, `posy`) VALUES
(1, 1, 1, 'Choco', 840, 'b', 820),
(2, 1, 1, 'FaZeGa', 320, 'h', 320),
(1, 1, 1, 'Memor', 840, 'b', 820);

-- --------------------------------------------------------

--
-- Structure de la table `pnj`
--

CREATE TABLE IF NOT EXISTS `pnj` (
  `nom` varchar(100) DEFAULT NULL,
  `id` int(11) NOT NULL AUTO_INCREMENT,
  `pos_x` int(11) DEFAULT NULL,
  `pos_y` int(11) DEFAULT NULL,
  PRIMARY KEY (`id`)
) ENGINE=InnoDB  DEFAULT CHARSET=latin1 AUTO_INCREMENT=2 ;

--
-- Contenu de la table `pnj`
--

INSERT INTO `pnj` (`nom`, `id`, `pos_x`, `pos_y`) VALUES
('Well Caume', 1, 5, 5);

-- --------------------------------------------------------

--
-- Structure de la table `pnj_discours`
--

CREATE TABLE IF NOT EXISTS `pnj_discours` (
  `id_pnj` int(11) DEFAULT NULL,
  `discours` text,
  `id` int(11) NOT NULL AUTO_INCREMENT,
  `after_answer` int(11) DEFAULT NULL,
  PRIMARY KEY (`id`),
  KEY `id_pnj` (`id_pnj`),
  KEY `after_answer` (`after_answer`)
) ENGINE=InnoDB  DEFAULT CHARSET=latin1 AUTO_INCREMENT=11 ;

--
-- Contenu de la table `pnj_discours`
--

INSERT INTO `pnj_discours` (`id_pnj`, `discours`, `id`, `after_answer`) VALUES
(1, 'Bienvenue jeune leimzien !#n#nTu veux partir a l''aventure, risquer ta vie pour sauver notre bon roi Domo ? Alors c''est parti, lance toi !', 1, NULL),
(1, ' Oui, je comprends ton inquietude. Mais trahiras-tu la confiance que t''as donne ton roi ? J''imagine que non.#nPars a l''aventure, tu ne le regretteras pas.#n#nBonne chance !', 2, 7),
(1, 'Certes, certes. Mais tente de les m‚langer … de la ciboulette, le gout en est meilleur.#n#nSur ce, bonne chance dans ton aventure !', 3, 8),
(1, 'Oui, je suis pret !', 6, 1),
(1, 'Euh ...', 7, 1),
(1, 'Je n''aime pas les champignons.', 8, 1),
(1, 'Merci, bonne journée !', 9, 2),
(1, 'Merci, bonne journée !', 10, 3);

-- --------------------------------------------------------

--
-- Structure de la table `race`
--

CREATE TABLE IF NOT EXISTS `race` (
  `id` int(11) NOT NULL AUTO_INCREMENT,
  `name` varchar(30) NOT NULL,
  PRIMARY KEY (`id`)
) ENGINE=InnoDB  DEFAULT CHARSET=latin1 AUTO_INCREMENT=2 ;

--
-- Contenu de la table `race`
--

INSERT INTO `race` (`id`, `name`) VALUES
(1, 'Groz');

-- --------------------------------------------------------

--
-- Structure de la table `race_sort`
--

CREATE TABLE IF NOT EXISTS `race_sort` (
  `id_race` int(11) NOT NULL,
  `id_sort` int(11) NOT NULL,
  PRIMARY KEY (`id_race`,`id_sort`),
  KEY `id_sort` (`id_sort`)
) ENGINE=InnoDB DEFAULT CHARSET=latin1;

--
-- Contenu de la table `race_sort`
--

INSERT INTO `race_sort` (`id_race`, `id_sort`) VALUES
(1, 1);

-- --------------------------------------------------------

--
-- Structure de la table `sorts_classe`
--

CREATE TABLE IF NOT EXISTS `sorts_classe` (
  `id` int(11) NOT NULL AUTO_INCREMENT,
  `nom` varchar(50) NOT NULL,
  `value_min` int(11) DEFAULT NULL,
  `description` varchar(250) NOT NULL,
  `value_max` int(11) DEFAULT NULL,
  `id_classe` int(11) DEFAULT NULL,
  PRIMARY KEY (`id`)
) ENGINE=InnoDB  DEFAULT CHARSET=latin1 AUTO_INCREMENT=2 ;

--
-- Contenu de la table `sorts_classe`
--

INSERT INTO `sorts_classe` (`id`, `nom`, `value_min`, `description`, `value_max`, `id_classe`) VALUES
(1, 'Coup de Poing', 5, 'Donne un coup de poing puissant à l''adversaire, qui peut aller jusqu''à l''assomer.', 7, 1);

-- --------------------------------------------------------

--
-- Structure de la table `sorts_race`
--

CREATE TABLE IF NOT EXISTS `sorts_race` (
  `id` int(11) NOT NULL AUTO_INCREMENT,
  `nom` varchar(50) NOT NULL,
  `value_min` int(11) DEFAULT NULL,
  `description` varchar(250) NOT NULL,
  `value_max` int(11) DEFAULT NULL,
  `id_race` int(11) DEFAULT NULL,
  PRIMARY KEY (`id`)
) ENGINE=InnoDB  DEFAULT CHARSET=latin1 AUTO_INCREMENT=2 ;

--
-- Contenu de la table `sorts_race`
--

INSERT INTO `sorts_race` (`id`, `nom`, `value_min`, `description`, `value_max`, `id_race`) VALUES
(1, 'Bouclier d''énergie', NULL, 'Fais apparaître un bouclier magique autour du lanceur, qui le protège de toute attaque', NULL, 1);

-- --------------------------------------------------------

--
-- Structure de la table `tiles_map`
--

CREATE TABLE IF NOT EXISTS `tiles_map` (
  `id` int(11) NOT NULL AUTO_INCREMENT,
  `nom` varchar(30) NOT NULL,
  `image` varchar(250) NOT NULL,
  `collidable` tinyint(1) NOT NULL,
  `base_x` int(11) NOT NULL,
  `base_y` int(11) NOT NULL,
  PRIMARY KEY (`id`)
) ENGINE=InnoDB  DEFAULT CHARSET=latin1 AUTO_INCREMENT=8 ;

--
-- Contenu de la table `tiles_map`
--

INSERT INTO `tiles_map` (`id`, `nom`, `image`, `collidable`, `base_x`, `base_y`) VALUES
(1, 'none', 'data/Images/tiles/croix.png', 0, 0, 0),
(2, 'herbe', 'data/Images/tiles/herbe/herbe simple.png', 0, 2, 4),
(5, 'grosses pierres', 'data/Images/tiles/pierre/grosses pierres.png', 0, 0, 0),
(6, 'grosses pierres desafectees', 'data/Images/tiles/pierre/grosses pierres desafectees.png', 0, 0, 0),
(7, 'pavés', 'data/Images/tiles/pierre/paves.png', 0, 0, 0);

-- --------------------------------------------------------

--
-- Structure de la table `tiles_map_content`
--

CREATE TABLE IF NOT EXISTS `tiles_map_content` (
  `id` int(11) NOT NULL AUTO_INCREMENT,
  `nom` varchar(30) NOT NULL,
  `image` varchar(250) NOT NULL,
  `collidable` tinyint(1) NOT NULL,
  `base_x` int(11) NOT NULL,
  `base_y` int(11) NOT NULL,
  PRIMARY KEY (`id`)
) ENGINE=InnoDB  DEFAULT CHARSET=latin1 AUTO_INCREMENT=10 ;

--
-- Contenu de la table `tiles_map_content`
--

INSERT INTO `tiles_map_content` (`id`, `nom`, `image`, `collidable`, `base_x`, `base_y`) VALUES
(9, 'arbre', 'data/Images/tiles/arbre.png', 0, 67, 256);

--
-- Contraintes pour les tables exportées
--

--
-- Contraintes pour la table `caracteristiques_classe`
--
ALTER TABLE `caracteristiques_classe`
  ADD CONSTRAINT `Caracteristiques_classe_ibfk_1` FOREIGN KEY (`id_classe`) REFERENCES `classe` (`id`) ON DELETE CASCADE ON UPDATE CASCADE,
  ADD CONSTRAINT `Caracteristiques_classe_ibfk_2` FOREIGN KEY (`id_caracteristique`) REFERENCES `caracteristiques` (`id`) ON DELETE CASCADE ON UPDATE CASCADE;

--
-- Contraintes pour la table `caracteristiques_joueur`
--
ALTER TABLE `caracteristiques_joueur`
  ADD CONSTRAINT `Caracteristiques_joueur_ibfk_2` FOREIGN KEY (`id_caracteristique`) REFERENCES `caracteristiques` (`id`) ON DELETE CASCADE ON UPDATE CASCADE;

--
-- Contraintes pour la table `caracteristiques_objet`
--
ALTER TABLE `caracteristiques_objet`
  ADD CONSTRAINT `caracteristiques_objet_ibfk_1` FOREIGN KEY (`id_objet`) REFERENCES `item` (`id`) ON DELETE CASCADE ON UPDATE CASCADE,
  ADD CONSTRAINT `caracteristiques_objet_ibfk_2` FOREIGN KEY (`id_caracteristique`) REFERENCES `caracteristiques` (`id`) ON DELETE CASCADE ON UPDATE CASCADE;

--
-- Contraintes pour la table `caracteristiques_race`
--
ALTER TABLE `caracteristiques_race`
  ADD CONSTRAINT `Caracteristiques_race_ibfk_1` FOREIGN KEY (`id_race`) REFERENCES `race` (`id`) ON DELETE CASCADE ON UPDATE CASCADE,
  ADD CONSTRAINT `Caracteristiques_race_ibfk_2` FOREIGN KEY (`id_caracteristique`) REFERENCES `caracteristiques` (`id`) ON DELETE CASCADE ON UPDATE CASCADE;

--
-- Contraintes pour la table `classe_sort`
--
ALTER TABLE `classe_sort`
  ADD CONSTRAINT `Classe_sort_ibfk_1` FOREIGN KEY (`id_classe`) REFERENCES `classe` (`id`) ON DELETE CASCADE ON UPDATE CASCADE,
  ADD CONSTRAINT `Classe_sort_ibfk_2` FOREIGN KEY (`id_sort`) REFERENCES `sorts_classe` (`id`) ON DELETE CASCADE ON UPDATE CASCADE;

--
-- Contraintes pour la table `inventaire`
--
ALTER TABLE `inventaire`
  ADD CONSTRAINT `inventaire_ibfk_2` FOREIGN KEY (`id_objet`) REFERENCES `item` (`id`) ON DELETE CASCADE ON UPDATE CASCADE;

--
-- Contraintes pour la table `item`
--
ALTER TABLE `item`
  ADD CONSTRAINT `item_ibfk_1` FOREIGN KEY (`type`) REFERENCES `item_type` (`id`) ON DELETE CASCADE ON UPDATE CASCADE;

--
-- Contraintes pour la table `map`
--
ALTER TABLE `map`
  ADD CONSTRAINT `Map_ibfk_1` FOREIGN KEY (`type`) REFERENCES `tiles_map` (`id`);

--
-- Contraintes pour la table `map_content`
--
ALTER TABLE `map_content`
  ADD CONSTRAINT `Map_content_ibfk_1` FOREIGN KEY (`type`) REFERENCES `tiles_map_content` (`id`);

--
-- Contraintes pour la table `personnage`
--
ALTER TABLE `personnage`
  ADD CONSTRAINT `Personnage_ibfk_2` FOREIGN KEY (`race`) REFERENCES `race` (`id`) ON UPDATE CASCADE,
  ADD CONSTRAINT `Personnage_ibfk_3` FOREIGN KEY (`classe`) REFERENCES `classe` (`id`);

--
-- Contraintes pour la table `pnj_discours`
--
ALTER TABLE `pnj_discours`
  ADD CONSTRAINT `pnj_discours_ibfk_1` FOREIGN KEY (`id_pnj`) REFERENCES `pnj` (`id`) ON DELETE CASCADE ON UPDATE CASCADE,
  ADD CONSTRAINT `pnj_discours_ibfk_2` FOREIGN KEY (`after_answer`) REFERENCES `pnj_discours` (`id`) ON DELETE CASCADE ON UPDATE CASCADE;

--
-- Contraintes pour la table `race_sort`
--
ALTER TABLE `race_sort`
  ADD CONSTRAINT `Race_sort_ibfk_2` FOREIGN KEY (`id_sort`) REFERENCES `sorts_race` (`id`) ON DELETE CASCADE ON UPDATE CASCADE,
  ADD CONSTRAINT `Race_sort_ibfk_3` FOREIGN KEY (`id_race`) REFERENCES `race` (`id`) ON DELETE CASCADE ON UPDATE CASCADE;
